시,군,동,코드,터미널유무
서울특별시,송파구,잠실동,1171010100,1
서울특별시,송파구,장지동,1171010900,1
서울특별시,강동구,성내동,1174010800,1
서울특별시,강남구,삼성동,1168010500,1
서울특별시,동작구,동작동,1159010600,1
서울특별시,서초구,서초동,1165010800,1
서울특별시,서초구,반포동,1165010700,1
서울특별시,노원구,상계동,1135010500,1
서울특별시,강남구,수서동,1168011500,1
서울특별시,서초구,양재동,1165010200,1
서울특별시,송파구,방이동,1171011100,1
서울특별시,송파구,방이동,1171011100,1
서울특별시,송파구,방이동,1171011100,1
서울특별시,중구,주교동,1114015200,1
서울특별시,중구,초동,1114015900,1
서울특별시,송파구,잠실동,1171010100,1
서울특별시,송파구,잠실동,1171010100,1
서울특별시,노원구,상계동,1135010500,1
서울특별시,도봉구,도봉동,1132010800,1
서울특별시,광진구,구의동,1121510300,1
서울특별시,서초구,방배동,1165010100,1
서울특별시,동작구,사당동,1159010700,1
서울특별시,동작구,사당동,1159010700,1
서울특별시,동작구,사당동,1159010700,1
서울특별시,동작구,사당동,1159010700,1
서울특별시,동작구,사당동,1159010700,1
서울특별시,동작구,사당동,1159010700,1
서울특별시,중랑구,상봉동,1126010200,1
서울특별시,서초구,서초동,1165010800,1
서울특별시,은평구,대조동,1138010600,1
서울특별시,용산구,동자동,1117010700,1
서울특별시,용산구,동자동,1117010700,1
서울특별시,서초구,서초동,1165010800,1
서울특별시,송파구,가락동,1171010700,1
서울특별시,서초구,반포동,1165010700,1
서울특별시,서초구,반포동,1165010700,1
서울특별시,강남구,역삼동,1168010100,1
서울특별시,광진구,화양동,1121510700,1
서울특별시,강서구,공항동,1150010800,1
서울특별시,서초구,서초동,1165010800,1
서울특별시,강동구,길동,1174010500,1
서울특별시,강서구,방화동,1150010900,1
서울특별시,노원구,상계동,1135010500,1
부산광역시,강서구,화전동,2644011000,1
부산광역시,사하구,하단동,2638010300,1
부산광역시,동래구,온천동,2626010800,1
부산광역시,해운대구,우동,2635010500,1
부산광역시,기장군,일광면,2671031021,1
부산광역시,기장군,장안읍,2671025321,1
부산광역시,강서구,죽동동,2644010700,1
부산광역시,기장군,장안읍,2671025328,1
부산광역시,해운대구,재송동,2635010400,1
부산광역시,기장군,일광면,2671031031,1
부산광역시,동래구,온천동,2626010800,1
부산광역시,금정구,노포동,2641010200,1
부산광역시,금정구,노포동,2641010200,1
부산광역시,해운대구,우동,2635010500,1
부산광역시,해운대구,우동,2635010500,1
부산광역시,부산진구,부전동,2623010300,1
부산광역시,해운대구,재송동,2635010400,1
부산광역시,해운대구,송정동,2635010800,1
부산광역시,해운대구,송정동,2635010800,1
부산광역시,기장군,기장읍,2671025021,1
부산광역시,강서구,대저2동,2644010200,1
부산광역시,기장군,기장읍,2671025034,1
부산광역시,강서구,강동동,2644010300,1
부산광역시,동래구,복천동,2626010500,1
부산광역시,기장군,장안읍,2671025329,1
부산광역시,해운대구,우동,2635010500,1
부산광역시,해운대구,우동,2635010500,1
부산광역시,사하구,하단동,2638010300,1
부산광역시,금정구,노포동,2641010200,1
대구광역시,달서구,송현동,2729012200,1
대구광역시,달서구,송현동,2729012200,1
대구광역시,달서구,송현동,2729012200,1
대구광역시,수성구,매호동,2726011500,1
대구광역시,동구,용계동,2714011900,1
대전광역시,서구,월평동,3017011300,1
대구광역시,달성군,가창면,2771031023,1
대구광역시,달성군,현풍읍,2771026525,1
대구광역시,수성구,가천동,2726012600,1
경상북도,경산시,진량읍,4729025329,1
대구광역시,서구,비산동,2717010200,1
대구광역시,동구,신천동,2714010200,1
대구광역시,수성구,범물동,2726011300,1
대구광역시,남구,봉덕동,2720010200,1
대구광역시,남구,봉덕동,2720010200,1
대구광역시,남구,봉덕동,2720010200,1
대구광역시,남구,봉덕동,2720010200,1
대구광역시,북구,노원동3가,2723010900,1
대구광역시,북구,노원동3가,2723010900,1
인천광역시,계양구,작전동,2824510300,1
인천광역시,남동구,만수동,2820010300,1
인천광역시,부평구,산곡동,2823710300,1
인천광역시,미추홀구,용현동,2817710200,1
인천광역시,미추홀구,용현동,2817710200,1
인천광역시,미추홀구,용현동,2817710200,1
인천광역시,미추홀구,용현동,2817710200,1
인천광역시,미추홀구,용현동,2817710200,1
인천광역시,미추홀구,관교동,2817710600,1
인천광역시,중구,운서동,2811014700,1
인천광역시,중구,운서동,2811014700,1
인천광역시,연수구,송도동,2818510600,1
인천광역시,연수구,송도동,2818510600,1
인천광역시,연수구,송도동,2818510600,1
인천광역시,연수구,송도동,2818510600,1
인천광역시,연수구,송도동,2818510600,1
인천광역시,연수구,송도동,2818510600,1
인천광역시,남동구,구월동,2820010100,1
인천광역시,남동구,구월동,2820010100,1
인천광역시,중구,신흥동3가,2811012800,1
인천광역시,부평구,일신동,2823710800,1
인천광역시,계양구,임학동,2824510500,1
인천광역시,부평구,부평동,2823710100,1
인천광역시,남동구,만수동,2820010300,1
인천광역시,남동구,만수동,2820010300,1
경기도,부천시,상동,4119010900,1
인천광역시,부평구,산곡동,2823710300,1
인천광역시,부평구,산곡동,2823710300,1
인천광역시,부평구,산곡동,2823710300,1
인천광역시,부평구,산곡동,2823710300,1
인천광역시,부평구,산곡동,2823710300,1
인천광역시,부평구,부평동,2823710100,1
인천광역시,부평구,부평동,2823710100,1
인천광역시,부평구,부평동,2823710100,1
경기도,부천시,상동,4119010900,1
인천광역시,미추홀구,주안동,2817710500,1
인천광역시,부평구,갈산동,2823710600,1
인천광역시,강화군,강화읍,2871025024,1
인천광역시,강화군,강화읍,2871025024,1
인천광역시,계양구,계산동,2824510200,1
인천광역시,계양구,계산동,2824510200,1
인천광역시,계양구,계산동,2824510200,1
인천광역시,계양구,작전동,2824510300,1
인천광역시,계양구,계산동,2824510200,1
인천광역시,남동구,구월동,2820010100,1
인천광역시,남동구,구월동,2820010100,1
광주광역시,북구,용봉동,2917010700,1
광주광역시,북구,운암동,2917010900,1
광주광역시,광산구,월계동,2920011500,1
광주광역시,동구,학동,2911012200,1
광주광역시,서구,광천동,2914011500,1
광주광역시,남구,진월동,2915510800,1
광주광역시,남구,진월동,2915510800,1
광주광역시,북구,두암동,2917011400,1
광주광역시,동구,용산동,2911012600,1
광주광역시,동구,소태동,2911011900,1
광주광역시,광산구,송정동,2920010100,1
광주광역시,광산구,쌍암동,2920011600,1
대전광역시,유성구,봉명동,3020011100,1
대전광역시,서구,둔산동,3017011200,1
울산광역시,남구,삼산동,3114010600,1
울산광역시,남구,신정동,3114010400,1
울산광역시,남구,무거동,3114010100,1
울산광역시,울주군,웅촌면,3171034023,1
울산광역시,울주군,두서면,3171037028,1
울산광역시,북구,정자동,3120011300,1
울산광역시,울주군,온산읍,3171025021,1
울산광역시,울주군,상북면,3171038026,1
울산광역시,남구,야음동,3114010800,1
울산광역시,북구,신명동,3120011400,1
울산광역시,남구,무거동,3114010100,1
울산광역시,울주군,언양읍,3171025332,1
울산광역시,울주군,언양읍,3171025332,1
울산광역시,울주군,삼남읍,3171026523,1
울산광역시,동구,전하동,3117010400,1
울산광역시,남구,삼산동,3114010600,1
울산광역시,남구,삼산동,3114010600,1
울산광역시,남구,신정동,3114010400,1
울산광역시,남구,신정동,3114010400,1
울산광역시,울주군,온양읍,3171025624,1
울산광역시,북구,무룡동,3120011100,1
울산광역시,울주군,청량읍,3171026221,1
울산광역시,울주군,상북면,3171038026,1
울산광역시,남구,삼산동,3114010600,1
울산광역시,울주군,온양읍,3171025623,1
울산광역시,동구,방어동,3117010100,1
울산광역시,울주군,상북면,3171038026,1
세종특별자치시,,금남면,3611034044,1
세종특별자치시,,연서면,3611036033,1
세종특별자치시,,대평동,3611010400,1
세종특별자치시,,어진동,3611011000,1
세종특별자치시,,전의면,3611037021,1
세종특별자치시,,조치원읍,3611025022,1
경기도,양평군,강상면,4183031023,1
경기도,고양시 덕양구,화정동,4128112300,1
경기도,고양시 덕양구,화정동,4128112300,1
경기도,포천시,화현면,4165041021,1
경기도,여주시,대신면,4167035021,1
경기도,양평군,양평읍,4183025021,1
경기도,용인시 기흥구,영덕동,4146311100,1
경기도,화성시,향남읍,4159025939,1
경기도,용인시 기흥구,청덕동,4146311400,1
경기도,가평군,조종면,4182034521,1
경기도,여주시,현암동,4167012200,1
경기도,안양시 동안구,호계동,4117310400,1
경기도,고양시 일산동구,장항동,4128510400,1
경기도,남양주시,호평동,4136010100,1
경기도,가평군,설악면,4182031023,1
경기도,안성시,석정동,4155011800,1
경기도,안성시,석정동,4155011800,1
경기도,이천시,신둔면,4150031029,1
경기도,파주시,야당동,4148010800,1
경기도,수원시 장안구,조원동,4111113600,1
경기도,연천군,전곡읍,4180025321,1
경기도,평택시,포승읍,4122025623,1
경기도,평택시,비전동,4122011800,1
경기도,용인시 처인구,역북동,4146110200,1
경기도,성남시 분당구,서현동,4113510500,1
경기도,용인시 기흥구,구갈동,4146310200,1
경기도,안성시,공도읍,4155025029,1
경기도,하남시,창우동,4145010300,1
경기도,여주시,하동,4167010700,1
경기도,여주시,하동,4167010700,1
경기도,광주시,곤지암읍,4161025934,1
경기도,연천군,청산면,4180032021,1
경기도,평택시,평택동,4122011300,1
경기도,평택시,소사동,4122012300,1
경기도,평택시,비전동,4122011800,1
경기도,평택시,현덕면,4122037030,1
경기도,평택시,포승읍,4122025622,1
경기도,포천시,신읍동,4165010100,1
경기도,안산시 상록구,이동,4127110200,1
경기도,안산시 상록구,사동,4127110300,1
경기도,고양시 덕양구,고양동,4128111600,1
경기도,용인시 수지구,풍덕천동,4146510100,1
경기도,고양시 일산서구,대화동,4128710400,1
경기도,고양시 일산서구,덕이동,4128710500,1
경기도,화성시,진안동,4159011600,1
경기도,여주시,가남읍,4167025021,1
경기도,이천시,모가면,4150036029,1
경기도,연천군,연천읍,4180025028,1
경기도,파주시,금촌동,4148010100,1
경기도,파주시,맥금동,4148010600,1
경기도,파주시,야동동,4148010400,1
경기도,포천시,영북면,4165039022,1
경기도,남양주시,평내동,4136010200,1
경기도,남양주시,평내동,4136010200,1
경기도,광명시,철산동,4121010200,1
경기도,이천시,마장면,4150034032,1
경기도,이천시,마장면,4150034021,1
경기도,평택시,오성면,4122034026,1
경기도,용인시 처인구,원삼면,4146134028,1
경기도,평택시,청북읍,4122025924,1
경기도,가평군,청평면,4182032521,1
경기도,포천시,관인면,4165040026,1
경기도,포천시,소흘읍,4165025022,1
경기도,포천시,소흘읍,4165025022,1
경기도,파주시,와동동,4148012200,1
경기도,평택시,지제동,4122012100,1
경기도,양평군,강상면,4183031023,1
경기도,성남시 중원구,상대원동,4113310500,1
경기도,고양시 덕양구,동산동,4128111200,1
경기도,여주시,대신면,4167035024,1
경기도,용인시 처인구,이동읍,4146125628,1
경기도,광명시,철산동,4121010200,1
경기도,용인시 처인구,원삼면,4146134023,1
경기도,파주시,금촌동,4148010100,1
경기도,파주시,검산동,4148010500,1
경기도,파주시,맥금동,4148010600,1
경기도,파주시,야동동,4148010400,1
경기도,시흥시,정왕동,4139013200,1
경기도,안성시,죽산면,4155040021,1
경기도,안성시,죽산면,4155040021,1
경기도,안성시,대덕면,4155035031,1
경기도,양평군,옥천면,4183034023,1
경기도,안성시,대덕면,4155035028,1
경기도,안성시,대덕면,4155035031,1
경기도,안성시,대덕면,4155035031,1
경기도,양평군,강하면,4183032026,1
경기도,양평군,강하면,4183032026,1
경기도,고양시 덕양구,지축동,4128110900,1
경기도,양주시,장흥면,4163034025,1
경기도,양평군,서종면,4183035025,1
경기도,과천시,중앙동,4129010700,1
경기도,화성시,향남읍,4159025923,1
경기도,화성시,남양읍,4159026221,1
경기도,화성시,우정읍,4159025632,1
경기도,하남시,망월동,4145010900,1
경기도,의정부시,장암동,4115010300,1
경기도,여주시,대신면,4167035027,1
경기도,남양주시,진접읍,4136025321,1
경기도,시흥시,장현동,4139012900,1
경기도,남양주시,진접읍,4136025321,1
경기도,이천시,장호원읍,4150025021,1
경기도,양주시,장흥면,4163034025,1
경기도,연천군,전곡읍,4180025321,1
경기도,여주시,금사면,4167033026,1
경기도,양평군,강하면,4183032026,1
경기도,포천시,일동면,4165037023,1
경기도,고양시 일산동구,중산동,4128510200,1
경기도,고양시 일산동구,정발산동,4128510300,1
경기도,고양시 일산서구,일산동,4128710100,1
경기도,고양시 일산동구,백석동,4128510600,1
경기도,고양시 일산동구,장항동,4128510400,1
경기도,안성시,일죽면,4155039028,1
경기도,안성시,양성면,4155036029,1
경기도,수원시 장안구,영화동,4111113400,1
경기도,의왕시,왕곡동,4143010400,1
경기도,의정부시,금오동,4115010900,1
경기도,의정부시,신곡동,4115010400,1
경기도,의정부시,의정부동,4115010100,1
경기도,포천시,이동면,4165038021,1
경기도,시흥시,정왕동,4139013200,1
경기도,이천시,중리동,4150010300,1
경기도,이천시,율현동,4150010500,1
경기도,이천시,장록동,4150011500,1
경기도,이천시,증일동,4150010400,1
경기도,이천시,진리동,4150010600,1
경기도,여주시,금사면,4167033021,1
경기도,안성시,양성면,4155036028,1
경기도,안성시,양성면,4155036028,1
경기도,포천시,일동면,4165037022,1
경기도,가평군,설악면,4182031032,1
경기도,시흥시,정왕동,4139013200,1
경기도,시흥시,정왕동,4139013200,1
경기도,포천시,영북면,4165039022,1
경기도,가평군,상면,4182033028,1
경기도,시흥시,은행동,4139010600,1
경기도,시흥시,은행동,4139010600,1
경기도,성남시 수정구,양지동,4113110600,1
경기도,의왕시,고천동,4143010100,1
경기도,가평군,설악면,4182031022,1
경기도,고양시 덕양구,원당동,4128110200,1
경기도,고양시 덕양구,성사동,4128110600,1
경기도,고양시 덕양구,주교동,4128110100,1
경기도,고양시 덕양구,성사동,4128110600,1
경기도,가평군,상면,4182033026,1
경기도,고양시 덕양구,도내동,4128110500,1
경기도,시흥시,월곶동,4139013100,1
경기도,시흥시,월곶동,4139013100,1
경기도,시흥시,정왕동,4139013200,1
경기도,용인시 처인구,김량장동,4146110100,1
경기도,용인시 처인구,삼가동,4146110300,1
경기도,용인시 수지구,죽전동,4146510200,1
경기도,양평군,옥천면,4183034022,1
경기도,군포시,당동,4141010100,1
경기도,수원시 팔달구,우만동,4111514000,1
경기도,양평군,강하면,4183032021,1
경기도,양평군,강하면,4183032021,1
경기도,파주시,야당동,4148010800,1
경기도,포천시,영북면,4165039021,1
경기도,여주시,대신면,4167035028,1
경기도,남양주시,와부읍,4136025021,1
경기도,양평군,강하면,4183032022,1
경기도,여주시,금사면,4167033031,1
경기도,고양시 덕양구,용두동,4128111300,1
경기도,양평군,청운면,4183037021,1
경기도,양평군,청운면,4183037021,1
경기도,양평군,용문면,4183040023,1
강원도,정선군,신동읍,4277025921,1
경기도,여주시,오금동,4167012300,1
경기도,성남시 분당구,구미동,4113511400,1
경기도,양평군,양평읍,4183025022,1
경기도,오산시,오산동,4137010100,1
경기도,부천시,원종동,4119012000,1
경기도,이천시,마장면,4150034021,1
경기도,여주시,오학동,4167012100,1
경기도,여주시,오금동,4167012300,1
경기도,여주시,천송동,4167012000,1
경기도,양평군,옥천면,4183034021,1
경기도,평택시,팽성읍,4122025045,1
경기도,용인시 처인구,포곡읍,4146125027,1
경기도,이천시,부발읍,4150025330,1
경기도,여주시,홍문동,4167010200,1
경기도,수원시 장안구,조원동,4111113600,1
경기도,용인시 기흥구,마북동,4146311300,1
경기도,시흥시,정왕동,4139013200,1
경기도,수원시 권선구,오목천동,4111312900,1
경기도,수원시 영통구,영통동,4111710500,1
경기도,수원시 영통구,영통동,4111710500,1
경기도,용인시 처인구,원삼면,4146134026,1
경기도,양평군,양서면,4183033021,1
경기도,양주시,남방동,4163010300,1
경기도,양주시,남방동,4163010300,1
경기도,용인시 처인구,양지면,4146136021,1
경기도,양평군,양평읍,4183025025,1
경기도,양평군,옥천면,4183034023,1
경기도,화성시,장안면,4159037021,1
경기도,용인시 기흥구,상하동,4146311700,1
경기도,평택시,청북읍,4122025921,1
경기도,안산시 상록구,성포동,4127110800,1
경기도,안산시 단원구,고잔동,4127310100,1
경기도,안성시,가사동,4155012600,1
경기도,안성시,낙원동,4155010900,1
경기도,안양시 만안구,안양동,4117110100,1
경기도,안양시 만안구,안양동,4117110100,1
경기도,평택시,팽성읍,4122025041,1
경기도,평택시,안중읍,4122025321,1
경기도,포천시,영북면,4165039021,1
경기도,포천시,영중면,4165036021,1
경기도,고양시 덕양구,신원동,4128110300,1
경기도,포천시,영중면,4165036024,1
경기도,연천군,신서면,4180036021,1
경기도,양평군,옥천면,4183034024,1
경기도,양평군,양서면,4183033029,1
경기도,화성시,비봉면,4159032026,1
경기도,이천시,부발읍,4150025330,1
경기도,양평군,옥천면,4183034024,1
경기도,수원시 영통구,매탄동,4111710100,1
경기도,수원시 영통구,원천동,4111710200,1
경기도,용인시 기흥구,영덕동,4146311100,1
경기도,화성시,반송동,4159012700,1
경기도,양평군,옥천면,4183034023,1
경기도,양평군,옥천면,4183034023,1
경기도,양평군,옥천면,4183034023,1
경기도,포천시,신북면,4165034022,1
경기도,양평군,양평읍,4183025023,1
경기도,양평군,양서면,4183033025,1
경기도,용인시 수지구,죽전동,4146510200,1
경기도,평택시,오성면,4122034021,1
경기도,파주시,금촌동,4148010100,1
경기도,파주시,아동동,4148010200,1
경기도,파주시,아동동,4148010200,1
경기도,파주시,금촌동,4148010100,1
경기도,안산시 단원구,고잔동,4127310100,1
경기도,시흥시,정왕동,4139013200,1
경기도,시흥시,정왕동,4139013200,1
경기도,시흥시,정왕동,4139013200,1
경기도,시흥시,정왕동,4139013200,1
경기도,시흥시,정왕동,4139013200,1
경기도,시흥시,정왕동,4139013200,1
경기도,시흥시,정왕동,4139013200,1
경기도,시흥시,대야동,4139010100,1
경기도,시흥시,정왕동,4139013200,1
경기도,용인시 기흥구,신갈동,4146310100,1
경기도,용인시 기흥구,신갈동,4146310100,1
경기도,평택시,지산동,4122011000,1
경기도,수원시 권선구,권선동,4111313700,1
경기도,수원시 권선구,권선동,4111313700,1
경기도,수원시 팔달구,매산로1가,4111513400,1
경기도,수원시 팔달구,매산로1가,4111513400,1
경기도,수원시 영통구,원천동,4111710200,1
경기도,수원시 권선구,권선동,4111313700,1
경기도,용인시 처인구,역북동,4146110200,1
경기도,용인시 수지구,풍덕천동,4146510100,1
경기도,용인시 수지구,풍덕천동,4146510100,1
경기도,여주시,대신면,4167035034,1
경기도,동두천시,상봉암동,4125010900,1
경기도,남양주시,화도읍,4136025621,1
경기도,부천시,송내동,4119011400,1
경기도,부천시,도당동,4119010400,1
경기도,포천시,소흘읍,4165025021,1
경기도,용인시 처인구,이동읍,4146125621,1
경기도,여주시,대신면,4167035033,1
경기도,안산시 상록구,성포동,4127110800,1
경기도,오산시,세교동,4137011300,1
경기도,오산시,세교동,4137011300,1
경기도,용인시 기흥구,신갈동,4146310100,1
경기도,용인시 기흥구,구갈동,4146310200,1
경기도,용인시 기흥구,구갈동,4146310200,1
경기도,안성시,대덕면,4155035033,1
경기도,부천시,소사동,4119010600,1
경기도,부천시,심곡동,4119010200,1
경기도,부천시,소사본동,4119011000,1
경기도,부천시,심곡본동,4119011100,1
경기도,가평군,설악면,4182031021,1
경기도,수원시 장안구,천천동,4111113300,1
경기도,성남시 분당구,야탑동,4113510700,1
경기도,성남시 수정구,태평동,4113110200,1
경기도,양평군,강하면,4183032025,1
경기도,양평군,강하면,4183032025,1
경기도,양평군,강하면,4183032025,1
경기도,포천시,영중면,4165036024,1
경기도,포천시,영중면,4165036024,1
경기도,의정부시,금오동,4115010900,1
경기도,양평군,개군면,4183041033,1
경기도,여주시,대신면,4167035038,1
경기도,안산시 단원구,신길동,4127310300,1
경기도,수원시 권선구,구운동,4111313200,1
경기도,안산시 상록구,사동,4127110300,1
경기도,안산시 상록구,사동,4127110300,1
경기도,평택시,서정동,4122010100,1
경기도,평택시,서정동,4122010100,1
경기도,포천시,내촌면,4165032026,1
경기도,양평군,양동면,4183038028,1
경기도,안성시,양성면,4155036027,1
경기도,양평군,용문면,4183040023,1
경기도,광주시,남종면,4161035024,1
경기도,시흥시,정왕동,4139013200,1
경기도,시흥시,정왕동,4139013200,1
경기도,고양시 덕양구,삼송동,4128111100,1
경기도,남양주시,삼패동,4136010600,1
경기도,화성시,향남읍,4159025924,1
경기도,부천시,심곡동,4119010200,1
경기도,부천시,내동,4119012400,1
경기도,여주시,강천면,4167037028,1
경기도,수원시 장안구,영화동,4111113400,1
경기도,고양시 덕양구,신원동,4128110300,1
경기도,양평군,청운면,4183037023,1
경기도,안양시 동안구,비산동,4117310100,1
경기도,용인시 처인구,양지면,4146136024,1
경기도,포천시,관인면,4165040024,1
경기도,평택시,포승읍,4122025623,1
경기도,안양시 동안구,호계동,4117310400,1
경기도,안양시 동안구,비산동,4117310100,1
경기도,수원시 팔달구,화서동,4111513800,1
경기도,양평군,강상면,4183031021,1
경기도,용인시 기흥구,보라동,4146310500,1
경기도,여주시,대신면,4167035036,1
경기도,가평군,상면,4182033029,1
경기도,이천시,부발읍,4150025321,1
경기도,부천시,상동,4119010900,1
경기도,파주시,문산읍,4148025021,1
경기도,포천시,영북면,4165039025,1
경기도,양평군,서종면,4183035021,1
경기도,안산시 상록구,건건동,4127111100,1
경기도,양평군,양서면,4183033026,1
경기도,화성시,향남읍,4159025921,1
경기도,고양시 일산동구,백석동,4128510600,1
경기도,고양시 일산동구,백석동,4128510600,1
경기도,고양시 일산동구,백석동,4128510600,1
경기도,용인시 처인구,백암면,4146135021,1
경기도,양평군,옥천면,4183034022,1
경기도,시흥시,매화동,4139010800,1
경기도,양평군,개군면,4183041021,1
경기도,안성시,대덕면,4155035025,1
경기도,가평군,설악면,4182031021,1
경기도,용인시 처인구,역북동,4146110200,1
경기도,성남시 중원구,성남동,4113310100,1
경기도,성남시 중원구,성남동,4113310100,1
경기도,시흥시,논곡동,4139012500,1
경기도,양평군,지평면,4183039525,1
경기도,화성시,반송동,4159012700,1
경기도,화성시,석우동,4159012800,1
경기도,화성시,오산동,4159012900,1
경기도,안성시,죽산면,4155040022,1
경기도,고양시 일산동구,마두동,4128510500,1
경기도,고양시 일산동구,장항동,4128510400,1
경기도,남양주시,화도읍,4136025621,1
경기도,포천시,신북면,4165034024,1
경기도,하남시,망월동,4145010900,1
경기도,화성시,팔탄면,4159036035,1
경기도,구리시,수택동,4131010500,1
경기도,동두천시,송내동,4125010100,1
경기도,용인시 기흥구,상하동,4146311700,1
경기도,용인시 기흥구,중동,4146311600,1
경기도,부천시,내동,4119012400,1
경기도,안성시,삼죽면,4155041027,1
경기도,안성시,삼죽면,4155041027,1
경기도,양평군,강하면,4183032023,1
경기도,양평군,강하면,4183032023,1
경기도,화성시,반송동,4159012700,1
경기도,이천시,마장면,4150034030,1
경기도,남양주시,다산동,4136011200,1
경기도,고양시 덕양구,도내동,4128110500,1
경기도,이천시,사음동,4150011100,1
경기도,여주시,북내면,4167036034,1
경기도,이천시,사음동,4150011100,1
경기도,광주시,곤지암읍,4161025936,1
경기도,포천시,이동면,4165038022,1
경기도,광주시,초월읍,4161025321,1
경기도,광주시,초월읍,4161025321,1
경기도,가평군,청평면,4182032524,1
경기도,여주시,대신면,4167035037,1
경기도,고양시 덕양구,대자동,4128111700,1
경기도,고양시 덕양구,대자동,4128111700,1
경기도,포천시,선단동,4165010400,1
경기도,포천시,설운동,4165010500,1
경기도,양주시,덕계동,4163011600,1
경기도,양주시,덕계동,4163011600,1
경기도,남양주시,와부읍,4136025021,1
경기도,양주시,덕정동,4163011000,1
경기도,양평군,양서면,4183033021,1
경기도,고양시 덕양구,토당동,4128112000,1
경기도,고양시 덕양구,토당동,4128112000,1
경기도,여주시,능서면,4167034021,1
경기도,용인시 처인구,이동읍,4146125626,1
경기도,양평군,단월면,4183036021,1
경기도,여주시,대신면,4167035035,1
경기도,수원시 권선구,당수동,4111314100,1
경기도,연천군,연천읍,4180025021,1
경기도,안성시,공도읍,4155025021,1
경기도,파주시,금촌동,4148010100,1
경기도,양평군,양서면,4183033024,1
경기도,용인시 기흥구,구갈동,4146310200,1
경기도,용인시 기흥구,구갈동,4146310200,1
경기도,성남시 분당구,판교동,4113510800,1
경기도,안성시,양성면,4155036030,1
경기도,포천시,내촌면,4165032024,1
경기도,용인시 처인구,이동읍,4146125628,1
경기도,가평군,설악면,4182031025,1
경기도,포천시,자작동,4165010300,1
경기도,안산시 단원구,초지동,4127310700,1
경기도,군포시,부곡동,4141010300,1
경기도,군포시,산본동,4141010400,1
경기도,이천시,장호원읍,4150025033,1
경기도,구리시,교문동,4131010400,1
경기도,시흥시,정왕동,4139013200,1
경기도,남양주시,금곡동,4136010300,1
경기도,여주시,금사면,4167033030,1
경기도,구리시,교문동,4131010400,1
경기도,구리시,교문동,4131010400,1
경기도,구리시,교문동,4131010400,1
경기도,양평군,강상면,4183031023,1
경기도,용인시 기흥구,구갈동,4146310200,1
경기도,용인시 기흥구,구갈동,4146310200,1
경기도,구리시,수택동,4131010500,1
경기도,구리시,수택동,4131010500,1
경기도,구리시,수택동,4131010500,1
경기도,용인시 기흥구,보정동,4146311800,1
경기도,수원시 권선구,서둔동,4111313100,1
경기도,양평군,양서면,4183033028,1
경기도,안양시 만안구,석수동,4117110200,1
경기도,수원시 영통구,이의동,4111710300,1
경기도,남양주시,진접읍,4136025325,1
경기도,남양주시,진접읍,4136025326,1
경기도,남양주시,진접읍,4136025326,1
경기도,광명시,일직동,4121010600,1
경기도,광명시,철산동,4121010200,1
경기도,광명시,일직동,4121010600,1
경기도,양평군,용문면,4183040027,1
경기도,의왕시,고천동,4143010100,1
경기도,김포시,고촌읍,4157025324,1
경기도,시흥시,정왕동,4139013200,1
경기도,양평군,양서면,4183033031,1
경기도,양평군,지평면,4183039528,1
경기도,광주시,곤지암읍,4161025921,1
경기도,안성시,공도읍,4155025025,1
경기도,용인시 기흥구,공세동,4146310700,1
경기도,용인시 처인구,이동읍,4146125621,1
경기도,이천시,신둔면,4150031029,1
경기도,양평군,개군면,4183041032,1
경기도,평택시,고덕면,4122033029,1
경기도,남양주시,조안면,4136036022,1
경기도,수원시 권선구,고색동,4111312800,1
경기도,고양시 덕양구,고양동,4128111600,1
경기도,고양시 덕양구,고양동,4128111600,1
경기도,고양시 덕양구,고양동,4128111600,1
경기도,고양시 일산동구,백석동,4128510600,1
경기도,고양시 덕양구,삼송동,4128111100,1
경기도,고양시 덕양구,오금동,4128111000,1
경기도,양주시,광사동,4163010600,1
경기도,양주시,고읍동,4163010900,1
경기도,수원시 권선구,당수동,4111314100,1
경기도,광주시,경안동,4161010100,1
경기도,수원시 장안구,조원동,4111113600,1
경기도,포천시,신북면,4165034023,1
경기도,성남시 수정구,복정동,4113110700,1
경기도,시흥시,정왕동,4139013200,1
경기도,시흥시,정왕동,4139013200,1
경기도,여주시,대신면,4167035032,1
경기도,성남시 수정구,복정동,4113110700,1
경기도,가평군,가평읍,4182025022,1
경기도,여주시,강천면,4167037021,1
경기도,양평군,청운면,4183037025,1
경기도,용인시 기흥구,구갈동,4146310200,1
경기도,양평군,강상면,4183031023,1
경기도,평택시,팽성읍,4122025021,1
경기도,의정부시,가능동,4115011000,1
경기도,의정부시,가능동,4115011000,1
경기도,고양시 덕양구,벽제동,4128111400,1
경기도,안양시 동안구,관양동,4117310200,1
경기도,안양시 동안구,관양동,4117310200,1
경기도,시흥시,월곶동,4139013100,1
경기도,여주시,가남읍,4167025021,1
경기도,파주시,와동동,4148012200,1
경기도,포천시,가산면,4165033021,1
경기도,여주시,대신면,4167035023,1
경기도,가평군,설악면,4182031032,1
강원도,화천군,화천읍,4279025022,1
강원도,횡성군,우천면,4273031026,1
강원도,원주시,신림면,4213039027,1
강원도,원주시,신림면,4213039026,1
강원도,평창군,대관령면,4276038024,1
강원도,횡성군,안흥면,4273032026,1
강원도,양양군,서면,4283031033,1
강원도,원주시,흥업면,4213037021,1
강원도,삼척시,도계읍,4223025034,1
강원도,양구군,해안면,4280034021,1
강원도,화천군,사내면,4279034021,1
강원도,고성군,현내면,4282031030,1
강원도,인제군,기린면,4281033021,1
강원도,춘천시,사북면,4211036022,1
강원도,삼척시,원덕읍,4223025326,1
강원도,홍천군,홍천읍,4272025023,1
강원도,횡성군,둔내면,4273033031,1
강원도,홍천군,내촌면,4272033026,1
강원도,태백시,하사미동,4219011600,1
강원도,삼척시,하장면,4223032024,1
강원도,삼척시,하장면,4223032024,1
강원도,삼척시,미로면,4223034026,1
강원도,양양군,현북면,4283033030,1
강원도,철원군,김화읍,4278025321,1
강원도,양구군,양구읍,4280025029,1
강원도,양양군,서면,4283031033,1
강원도,양양군,서면,4283031033,1
강원도,횡성군,갑천면,4273034024,1
강원도,평창군,평창읍,4276025023,1
강원도,삼척시,가곡면,4223035024,1
강원도,횡성군,서원면,4273037025,1
강원도,정선군,사북읍,4277025621,1
강원도,태백시,적각동,4219011000,1
강원도,삼척시,도계읍,4223025023,1
강원도,인제군,상남면,4281035022,1
강원도,정선군,여량면,4277037024,1
강원도,홍천군,서석면,4272034021,1
강원도,태백시,하사미동,4219011600,1
강원도,춘천시,신북읍,4211025027,1
강원도,춘천시,동산면,4211032023,1
강원도,삼척시,가곡면,4223035022,1
강원도,태백시,황지동,4219010100,1
강원도,태백시,황지동,4219010100,1
강원도,삼척시,하장면,4223032028,1
강원도,태백시,통동,4219011200,1
강원도,횡성군,둔내면,4273033028,1
강원도,삼척시,하장면,4223032035,1
강원도,홍천군,서면,4272037023,1
강원도,홍천군,두촌면,4272032021,1
강원도,양구군,국토정중앙면,4280031525,1
강원도,횡성군,청일면,4273035024,1
강원도,횡성군,청일면,4273035025,1
강원도,삼척시,원덕읍,4223025332,1
강원도,횡성군,청일면,4273035023,1
강원도,춘천시,온의동,4211012100,1
강원도,춘천시,효자동,4211011200,1
강원도,춘천시,석사동,4211012400,1
강원도,춘천시,효자동,4211011200,1
강원도,춘천시,효자동,4211011200,1
강원도,춘천시,효자동,4211011200,1
강원도,춘천시,효자동,4211011200,1
강원도,평창군,봉평면,4276034021,1
강원도,고성군,토성면,4282033033,1
강원도,인제군,북면,4281032024,1
강원도,영월군,남면,4275034022,1
강원도,태백시,창죽동,4219011100,1
강원도,삼척시,미로면,4223034025,1
강원도,인제군,서화면,4281034021,1
강원도,태백시,하사미동,4219011600,1
강원도,철원군,갈말읍,4278025621,1
강원도,철원군,동송읍,4278025921,1
강원도,홍천군,서면,4272037022,1
강원도,정선군,남면,4277032022,1
강원도,철원군,갈말읍,4278025627,1
강원도,홍천군,두촌면,4272032021,1
강원도,춘천시,사북면,4211036022,1
강원도,철원군,갈말읍,4278025622,1
강원도,정선군,사북읍,4277025621,1
강원도,평창군,진부면,4276036021,1
강원도,고성군,간성읍,4282025037,1
강원도,삼척시,교동,4223010600,1
강원도,정선군,정선읍,4277025022,1
강원도,홍천군,서석면,4272034022,1
강원도,홍천군,화촌면,4272031026,1
강원도,강릉시,주문진읍,4215025022,1
강원도,강릉시,주문진읍,4215025022,1
강원도,영월군,주천면,4275036021,1
강원도,정선군,정선읍,4277025028,1
강원도,평창군,용평면,4276035027,1
강원도,평창군,용평면,4276035027,1
강원도,홍천군,화촌면,4272031027,1
강원도,평창군,용평면,4276035027,1
강원도,홍천군,북방면,4272038033,1
강원도,삼척시,근덕면,4223031034,1
강원도,춘천시,후평동,4211012000,1
강원도,횡성군,우천면,4273031025,1
강원도,강릉시,강동면,4215034028,1
강원도,삼척시,원덕읍,4223025322,1
강원도,철원군,서면,4278031021,1
강원도,정선군,남면,4277032021,1
강원도,인제군,서화면,4281034022,1
강원도,철원군,근남면,4278032022,1
강원도,삼척시,신기면,4223036024,1
강원도,태백시,장성동,4219010200,1
강원도,인제군,북면,4281032023,1
강원도,고성군,간성읍,4282025031,1
강원도,홍천군,홍천읍,4272025031,1
강원도,정선군,정선읍,4277025025,1
강원도,화천군,간동면,4279031021,1
강원도,정선군,남면,4277032023,1
강원도,횡성군,서원면,4273037025,1
강원도,철원군,근남면,4278032021,1
강원도,철원군,근남면,4278032021,1
강원도,양양군,현남면,4283034021,1
강원도,인제군,인제읍,4281025021,1
강원도,인제군,인제읍,4281025021,1
강원도,정선군,임계면,4277035025,1
강원도,양구군,양구읍,4280025026,1
강원도,홍천군,두촌면,4272032025,1
강원도,양구군,국토정중앙면,4280031533,1
강원도,원주시,단계동,4213011000,1
강원도,원주시,흥업면,4213037021,1
강원도,횡성군,횡성읍,4273025039,1
강원도,화천군,하남면,4279032021,1
강원도,인제군,북면,4281032024,1
강원도,춘천시,사북면,4211036025,1
강원도,인제군,북면,4281032024,1
강원도,인제군,북면,4281032024,1
강원도,홍천군,서석면,4272034027,1
강원도,춘천시,신북읍,4211025027,1
강원도,삼척시,하장면,4223032036,1
강원도,강릉시,사천면,4215036029,1
강원도,화천군,간동면,4279031022,1
강원도,원주시,우산동,4213011100,1
강원도,횡성군,우천면,4273031031,1
강원도,춘천시,운교동,4211011000,1
강원도,양양군,서면,4283031033,1
강원도,양양군,서면,4283031033,1
강원도,춘천시,신북읍,4211025023,1
강원도,삼척시,가곡면,4223035023,1
강원도,춘천시,사북면,4211036023,1
강원도,춘천시,사북면,4211036023,1
강원도,횡성군,횡성읍,4273025028,1
강원도,철원군,서면,4278031022,1
강원도,홍천군,내촌면,4272033022,1
강원도,강릉시,왕산면,4215032021,1
강원도,춘천시,사북면,4211036022,1
강원도,정선군,여량면,4277037021,1
강원도,홍천군,두촌면,4272032022,1
강원도,삼척시,하장면,4223032032,1
강원도,인제군,북면,4281032024,1
강원도,영월군,영월읍,4275025022,1
강원도,영월군,북면,4275033022,1
강원도,영월군,북면,4275033022,1
강원도,양양군,서면,4283031033,1
강원도,정선군,정선읍,4277025024,1
강원도,양구군,양구읍,4280025021,1
강원도,양구군,국토정중앙면,4280031525,1
강원도,홍천군,남면,4272036021,1
강원도,양양군,양양읍,4283025021,1
강원도,양양군,손양면,4283032021,1
강원도,홍천군,서석면,4272034027,1
강원도,홍천군,서석면,4272034027,1
강원도,삼척시,하장면,4223032034,1
강원도,춘천시,사북면,4211036022,1
강원도,인제군,인제읍,4281025029,1
강원도,영월군,한반도면,4275035525,1
강원도,영월군,한반도면,4275035525,1
강원도,강릉시,사천면,4215036027,1
강원도,철원군,근남면,4278032021,1
강원도,삼척시,신기면,4223036026,1
강원도,태백시,창죽동,4219011100,1
강원도,횡성군,안흥면,4273032021,1
강원도,평창군,대관령면,4276038025,1
강원도,인제군,인제읍,4281025028,1
강원도,원주시,신림면,4213039021,1
강원도,철원군,서면,4278031021,1
강원도,철원군,서면,4278031021,1
강원도,철원군,서면,4278031021,1
강원도,정선군,정선읍,4277025025,1
강원도,인제군,남면,4281031029,1
강원도,철원군,갈말읍,4278025621,1
강원도,춘천시,사북면,4211036022,1
강원도,인제군,남면,4281031022,1
강원도,삼척시,도계읍,4223025035,1
강원도,강릉시,왕산면,4215032025,1
강원도,양구군,양구읍,4280025025,1
강원도,삼척시,하장면,4223032023,1
강원도,평창군,진부면,4276036031,1
강원도,삼척시,신기면,4223036021,1
강원도,인제군,남면,4281031021,1
강원도,인제군,남면,4281031021,1
강원도,홍천군,화촌면,4272031029,1
강원도,춘천시,신동,4211012800,1
강원도,삼척시,도계읍,4223025037,1
강원도,양구군,양구읍,4280025021,1
강원도,횡성군,안흥면,4273032026,1
강원도,속초시,동명동,4221010200,1
강원도,속초시,동명동,4221010200,1
강원도,속초시,동명동,4221010200,1
강원도,속초시,동명동,4221010200,1
강원도,양양군,손양면,4283032037,1
강원도,홍천군,화촌면,4272031027,1
강원도,동해시,송정동,4217010300,1
강원도,양구군,양구읍,4280025024,1
강원도,삼척시,신기면,4223036022,1
강원도,인제군,서화면,4281034023,1
강원도,인제군,서화면,4281034022,1
강원도,영월군,중동면,4275031025,1
강원도,정선군,남면,4277032024,1
강원도,양양군,강현면,4283035025,1
강원도,인제군,북면,4281032021,1
강원도,속초시,대포동,4221011000,1
강원도,홍천군,홍천읍,4272025029,1
강원도,홍천군,화촌면,4272031023,1
강원도,삼척시,미로면,4223034025,1
강원도,인제군,인제읍,4281025028,1
강원도,횡성군,우천면,4273031031,1
강원도,평창군,용평면,4276035023,1
강원도,홍천군,두촌면,4272032023,1
강원도,홍천군,서석면,4272034023,1
강원도,양양군,서면,4283031029,1
강원도,홍천군,서석면,4272034021,1
강원도,춘천시,남산면,4211040025,1
강원도,홍천군,화촌면,4272031031,1
강원도,횡성군,둔내면,4273033029,1
강원도,강릉시,왕산면,4215032022,1
강원도,정선군,사북읍,4277025622,1
강원도,삼척시,미로면,4223034024,1
강원도,인제군,상남면,4281035021,1
강원도,홍천군,서석면,4272034023,1
강원도,영월군,상동읍,4275025321,1
강원도,홍천군,내면,4272039024,1
강원도,태백시,상사미동,4219011500,1
강원도,홍천군,북방면,4272038025,1
강원도,화천군,상서면,4279033025,1
강원도,정선군,사북읍,4277025622,1
강원도,춘천시,사북면,4211036021,1
강원도,화천군,사내면,4279034021,1
강원도,양구군,해안면,4280034021,1
강원도,화천군,상서면,4279033028,1
강원도,삼척시,남양동,4223012000,1
강원도,삼척시,적노동,4223012300,1
강원도,삼척시,조비동,4223012400,1
강원도,삼척시,남양동,4223012000,1
강원도,삼척시,적노동,4223012300,1
강원도,삼척시,조비동,4223012400,1
강원도,인제군,인제읍,4281025029,1
강원도,평창군,평창읍,4276025044,1
강원도,속초시,금호동,4221010400,1
강원도,강릉시,사천면,4215036027,1
강원도,횡성군,서원면,4273037025,1
강원도,홍천군,북방면,4272038033,1
강원도,춘천시,북산면,4211038024,1
강원도,정선군,북평면,4277034022,1
강원도,삼척시,하장면,4223032024,1
강원도,홍천군,서면,4272037023,1
강원도,평창군,미탄면,4276031021,1
강원도,정선군,화암면,4277036021,1
강원도,삼척시,도계읍,4223025021,1
강원도,평창군,방림면,4276032021,1
강원도,인제군,북면,4281032024,1
강원도,인제군,북면,4281032024,1
강원도,인제군,북면,4281032024,1
강원도,정선군,화암면,4277036027,1
강원도,정선군,화암면,4277036027,1
강원도,정선군,화암면,4277036027,1
강원도,평창군,봉평면,4276034025,1
강원도,화천군,사내면,4279034023,1
강원도,영월군,북면,4275033022,1
강원도,영월군,북면,4275033022,1
강원도,원주시,문막읍,4213025026,1
강원도,철원군,갈말읍,4278025625,1
강원도,철원군,갈말읍,4278025625,1
강원도,속초시,대포동,4221011000,1
강원도,인제군,상남면,4281035021,1
강원도,삼척시,미로면,4223034023,1
강원도,정선군,정선읍,4277025030,1
강원도,평창군,평창읍,4276025036,1
강원도,영월군,북면,4275033021,1
강원도,영월군,북면,4275033021,1
강원도,삼척시,신기면,4223036028,1
강원도,철원군,근남면,4278032026,1
강원도,정선군,고한읍,4277025321,1
강원도,홍천군,화촌면,4272031024,1
강원도,화천군,사내면,4279034022,1
강원도,정선군,남면,4277032022,1
강원도,동해시,평릉동,4217010200,1
강원도,동해시,평릉동,4217010200,1
강원도,삼척시,가곡면,4223035025,1
강원도,정선군,고한읍,4277025321,1
강원도,횡성군,둔내면,4273033026,1
강원도,횡성군,둔내면,4273033026,1
강원도,홍천군,두촌면,4272032024,1
강원도,횡성군,둔내면,4273033027,1
강원도,양양군,강현면,4283035027,1
강원도,삼척시,도계읍,4223025029,1
강원도,삼척시,하장면,4223032030,1
강원도,정선군,정선읍,4277025026,1
강원도,삼척시,도경동,4223011400,1
강원도,삼척시,도계읍,4223025033,1
강원도,삼척시,도계읍,4223025032,1
강원도,정선군,사북읍,4277025622,1
강원도,춘천시,동산면,4211032021,1
강원도,철원군,동송읍,4278025921,1
강원도,태백시,동점동,4219010600,1
강원도,동해시,평릉동,4217010200,1
강원도,화천군,하남면,4279032021,1
강원도,인제군,북면,4281032024,1
강원도,화천군,간동면,4279031023,1
강원도,평창군,방림면,4276032022,1
강원도,삼척시,원덕읍,4223025322,1
강원도,홍천군,서면,4272037023,1
강원도,양구군,국토정중앙면,4280031531,1
강원도,고성군,현내면,4282031022,1
강원도,평창군,대화면,4276033021,1
강원도,정선군,정선읍,4277025026,1
강원도,삼척시,원덕읍,4223025328,1
강원도,평창군,용평면,4276035023,1
강원도,강릉시,옥계면,4215035029,1
강원도,홍천군,내면,4272039025,1
강원도,영월군,중동면,4275031021,1
강원도,화천군,하남면,4279032022,1
강원도,삼척시,도계읍,4223025027,1
강원도,화천군,상서면,4279033030,1
강원도,원주시,단구동,4213010700,1
강원도,인제군,북면,4281032024,1
강원도,인제군,북면,4281032024,1
강원도,춘천시,남면,4211034024,1
강원도,춘천시,남산면,4211040025,1
강원도,양양군,현남면,4283034038,1
강원도,인제군,남면,4281031027,1
강원도,영월군,상동읍,4275025321,1
강원도,홍천군,내면,4272039021,1
강원도,홍천군,내촌면,4272033024,1
강원도,횡성군,우천면,4273031023,1
강원도,홍천군,화촌면,4272031026,1
강원도,원주시,귀래면,4213036022,1
강원도,삼척시,근덕면,4223031024,1
강원도,삼척시,원덕읍,4223025331,1
강원도,삼척시,도계읍,4223025034,1
강원도,정선군,남면,4277032024,1
강원도,양양군,강현면,4283035040,1
강원도,정선군,임계면,4277035027,1
강원도,화천군,사내면,4279034022,1
강원도,화천군,사내면,4279034022,1
강원도,삼척시,하장면,4223032024,1
강원도,삼척시,도계읍,4223025034,1
강원도,홍천군,내면,4272039025,1
강원도,홍천군,내면,4272039025,1
강원도,태백시,장성동,4219010200,1
강원도,횡성군,갑천면,4273034024,1
강원도,삼척시,도계읍,4223025036,1
강원도,양구군,방산면,4280033026,1
강원도,인제군,상남면,4281035021,1
강원도,영월군,김삿갓면,4275032521,1
강원도,정선군,고한읍,4277025321,1
강원도,정선군,고한읍,4277025321,1
강원도,정선군,고한읍,4277025321,1
강원도,정선군,고한읍,4277025321,1
강원도,정선군,임계면,4277035034,1
강원도,횡성군,공근면,4273036024,1
강원도,횡성군,횡성읍,4273025039,1
강원도,횡성군,횡성읍,4273025039,1
강원도,횡성군,횡성읍,4273025030,1
강원도,고성군,거진읍,4282025333,1
강원도,화천군,상서면,4279033031,1
강원도,홍천군,서석면,4272034022,1
강원도,홍천군,서석면,4272034022,1
강원도,홍천군,서석면,4272034022,1
강원도,홍천군,홍천읍,4272025027,1
강원도,춘천시,남산면,4211040025,1
강원도,강릉시,왕산면,4215032024,1
강원도,삼척시,신기면,4223036023,1
강원도,삼척시,하장면,4223032029,1
강원도,삼척시,신기면,4223036028,1
강원도,횡성군,갑천면,4273034026,1
강원도,강릉시,홍제동,4215010100,1
강원도,강릉시,홍제동,4215010100,1
강원도,정선군,사북읍,4277025622,1
강원도,춘천시,서면,4211035029,1
강원도,춘천시,남산면,4211040026,1
강원도,춘천시,남산면,4211040027,1
강원도,철원군,갈말읍,4278025623,1
충청북도,괴산군,청천면,4376036047,1
충청북도,충주시,대소원면,4313033529,1
충청북도,옥천군,옥천읍,4373025038,1
충청북도,괴산군,청천면,4376036045,1
충청북도,영동군,추풍령면,4374033524,1
충청북도,음성군,맹동면,4377033028,1
충청북도,충주시,칠금동,4313011600,1
충청북도,충주시,금릉동,4313012800,1
충청북도,충주시,성서동,4313010300,1
충청북도,충주시,대소원면,4313033529,1
충청북도,제천시,봉양읍,4315025029,1
충청북도,제천시,봉양읍,4315025029,1
충청북도,제천시,한수면,4315035028,1
충청북도,보은군,속리산면,4372031524,1
충청북도,청주시 흥덕구,가경동,4311311300,1
충청북도,청주시 흥덕구,가경동,4311311300,1
충청북도,청주시 청원구,내수읍,4311425040,1
충청북도,청주시 서원구,분평동,4311210600,1
충청북도,청주시 청원구,내덕동,4311410200,1
충청북도,청주시 청원구,오창읍,4311425345,1
충청북도,청주시 서원구,사창동,4311210200,1
충청북도,청주시 청원구,율량동,4311410300,1
충청북도,괴산군,청천면,4376036021,1
충청북도,진천군,초평면,4375032024,1
충청북도,보은군,마로면,4372033027,1
충청북도,제천시,의림동,4315010100,1
충청북도,제천시,서부동,4315010200,1
충청북도,제천시,영천동,4315011000,1
충청북도,충주시,주덕읍,4313025021,1
충청북도,청주시 청원구,내수읍,4311425023,1
충청북도,진천군,진천읍,4375025026,1
충청북도,보은군,내북면,4372039024,1
충청북도,청주시 흥덕구,오송읍,4311325028,1
충청북도,옥천군,이원면,4373036023,1
충청북도,진천군,이월면,4375035025,1
충청북도,진천군,이월면,4375035025,1
충청북도,진천군,이월면,4375035025,1
충청북도,진천군,이월면,4375035025,1
충청북도,괴산군,청천면,4376036048,1
충청북도,괴산군,청천면,4376036048,1
충청북도,보은군,장안면,4372032530,1
충청북도,단양군,단성면,4380036027,1
충청북도,제천시,수산면,4315033023,1
충청북도,청주시 흥덕구,오송읍,4311325028,1
충청북도,청주시 청원구,오창읍,4311425344,1
충청북도,영동군,심천면,4374040026,1
충청북도,옥천군,옥천읍,4373025038,1
충청북도,옥천군,옥천읍,4373025038,1
충청북도,제천시,덕산면,4315034023,1
충청북도,충주시,금릉동,4313012800,1
충청북도,충주시,신니면,4313035021,1
충청북도,충주시,앙성면,4313037021,1
충청북도,제천시,수산면,4315033021,1
충청북도,충주시,수안보면,4313032521,1
충청북도,영동군,심천면,4374040021,1
충청북도,충주시,엄정면,4313042021,1
충청북도,괴산군,연풍면,4376033022,1
충청북도,영동군,영동읍,4374025022,1
충청북도,영동군,영동읍,4374025022,1
충청북도,영동군,영동읍,4374025021,1
충청북도,청주시 상당구,북문로3가,4311110400,1
충청북도,충주시,살미면,4313031021,1
충청북도,충주시,살미면,4313031021,1
충청북도,보은군,속리산면,4372031521,1
충청북도,제천시,신월동,4315011200,1
충청북도,보은군,속리산면,4372031527,1
충청북도,괴산군,청천면,4376036047,1
충청북도,제천시,덕산면,4315034024,1
충청북도,제천시,수산면,4315033021,1
충청북도,보은군,보은읍,4372025024,1
충청북도,음성군,원남면,4377032022,1
충청북도,제천시,봉양읍,4315025021,1
충청북도,청주시 청원구,우암동,4311410100,1
충청북도,청주시 청원구,우암동,4311410100,1
충청북도,음성군,소이면,4377031029,1
충청북도,음성군,소이면,4377031029,1
충청북도,진천군,진천읍,4375025031,1
충청북도,청주시 서원구,사창동,4311210200,1
충청북도,충주시,산척면,4313041021,1
충청북도,충주시,엄정면,4313042023,1
충청북도,충주시,목행동,4313011900,1
충청북도,진천군,문백면,4375033027,1
충청북도,청주시 흥덕구,문암동,4311313300,1
충청북도,충주시,수안보면,4313032525,1
충청북도,청주시 상당구,미원면,4311132021,1
충청북도,제천시,백운면,4315036021,1
충청북도,단양군,영춘면,4380033031,1
충청북도,단양군,대강면,4380031021,1
충청북도,음성군,대소면,4377034021,1
충청북도,음성군,대소면,4377034021,1
충청북도,충주시,대소원면,4313033521,1
충청북도,진천군,덕산읍,4375025330,1
충청북도,제천시,덕산면,4315034021,1
충청북도,제천시,한수면,4315035028,1
충청북도,증평군,도안면,4374531022,1
충청북도,단양군,매포읍,4380025327,1
충청북도,음성군,맹동면,4377033021,1
충청북도,단양군,영춘면,4380033024,1
충청북도,옥천군,동이면,4373031025,1
충청북도,음성군,맹동면,4377033021,1
충청북도,제천시,서부동,4315010200,1
충청북도,청주시 서원구,분평동,4311210600,1
충청북도,단양군,단성면,4380036023,1
충청북도,단양군,단성면,4380036023,1
충청북도,단양군,단양읍,4380025025,1
충청북도,단양군,단양읍,4380025027,1
충청북도,영동군,영동읍,4374025021,1
충청북도,단양군,단양읍,4380025027,1
충청북도,단양군,가곡면,4380032024,1
충청북도,음성군,감곡면,4377037031,1
충청북도,제천시,수산면,4315033027,1
충청북도,청주시 흥덕구,옥산면,4311332033,1
경상북도,상주시,남성동,4725010700,1
충청북도,보은군,마로면,4372033021,1
충청북도,진천군,광혜원면,4375037027,1
충청북도,괴산군,괴산읍,4376025021,1
충청남도,논산시,연무읍,4423025328,1
충청남도,논산시,연무읍,4423025331,1
충청남도,서산시,해미면,4421039021,1
충청남도,예산군,덕산면,4481036026,1
충청남도,홍성군,홍성읍,4480025030,1
충청남도,부여군,홍산면,4476036023,1
충청남도,홍성군,홍성읍,4480025030,1
충청남도,공주시,계룡면,4415033031,1
충청남도,청양군,화성면,4479038021,1
충청남도,서천군,화양면,4477032021,1
충청남도,태안군,남면,4482532023,1
충청남도,태안군,태안읍,4482525022,1
충청남도,서천군,판교면,4477038029,1
충청남도,공주시,계룡면,4415033031,1
충청남도,태안군,태안읍,4482525022,1
충청남도,천안시 동남구,병천면,4413136021,1
충청남도,서천군,한산면,4477034021,1
충청남도,서산시,해미면,4421039023,1
충청남도,서산시,읍내동,4421010100,1
충청남도,당진시,합덕읍,4427025031,1
충청남도,청양군,청양읍,4479025021,1
충청남도,청양군,청양읍,4479025029,1
충청남도,서천군,서면,4477041028,1
충청남도,예산군,덕산면,4481036027,1
충청남도,부여군,충화면,4476039021,1
충청남도,공주시,탄천면,4415032021,1
충청남도,아산시,탕정면,4420033022,1
충청남도,태안군,태안읍,4482525022,1
충청남도,태안군,태안읍,4482525022,1
충청남도,태안군,태안읍,4482525022,1
충청남도,천안시 동남구,신부동,4413111800,1
충청남도,천안시 동남구,대흥동,4413110100,1
충청남도,청양군,정산면,4479033030,1
충청남도,청양군,정산면,4479033030,1
충청남도,홍성군,장곡면,4480034032,1
충청남도,청양군,청남면,4479035021,1
충청남도,보령시,청라면,4418035021,1
충청남도,보령시,청소면,4418034021,1
충청남도,청양군,정산면,4479033021,1
충청남도,공주시,정안면,4415037034,1
충청남도,서천군,종천면,4477039026,1
충청남도,보령시,주교면,4418041021,1
충청남도,보령시,주산면,4418038022,1
충청남도,청양군,대치면,4479032021,1
충청남도,보령시,주포면,4418031021,1
충청남도,태안군,근흥면,4482533027,1
충청남도,태안군,안면읍,4482525324,1
충청남도,태안군,안면읍,4482525324,1
충청남도,금산군,금성면,4471031031,1
충청남도,아산시,인주면,4420038024,1
충청남도,공주시,정안면,4415037036,1
충청남도,예산군,예산읍,4481025021,1
충청남도,부여군,임천면,4476041021,1
충청남도,부여군,양화면,4476040023,1
충청남도,홍성군,장곡면,4480034021,1
경상남도,창녕군,대합면,4874033023,1
충청남도,청양군,장평면,4479036021,1
충청남도,서천군,장항읍,4477025022,1
충청남도,태안군,태안읍,4482525022,1
충청남도,공주시,유구읍,4415025023,1
충청남도,공주시,봉황동,4415010200,1
충청남도,부여군,은산면,4476032021,1
충청남도,논산시,은진면,4423041021,1
충청남도,서산시,음암면,4421037021,1
충청남도,예산군,응봉면,4481035021,1
충청남도,서산시,음암면,4421037021,1
충청남도,공주시,이인면,4415031021,1
충청남도,금산군,군북면,4471034023,1
충청남도,예산군,예산읍,4481025025,1
충청남도,홍성군,장곡면,4480034034,1
충청남도,부여군,옥산면,4476037029,1
충청남도,아산시,모종동,4420011300,1
충청남도,부여군,외산면,4476033030,1
충청남도,공주시,우성면,4415038021,1
충청남도,청양군,운곡면,4479031024,1
충청남도,서산시,운산면,4421038032,1
충청남도,당진시,신평면,4427038028,1
충청남도,보령시,웅천읍,4418025021,1
충청남도,계룡시,엄사면,4425031521,1
충청남도,논산시,연무읍,4423025324,1
충청남도,논산시,연산면,4423036021,1
충청남도,논산시,연산면,4423036021,1
충청남도,태안군,안면읍,4482525323,1
충청남도,태안군,근흥면,4482533026,1
충청남도,태안군,근흥면,4482533026,1
충청남도,태안군,고남면,4482531023,1
충청남도,태안군,고남면,4482531023,1
충청남도,서산시,대산읍,4421025030,1
충청남도,아산시,모종동,4420011300,1
충청남도,아산시,배방읍,4420025331,1
충청남도,아산시,인주면,4420038021,1
충청남도,태안군,안면읍,4482525321,1
충청남도,청양군,목면,4479034024,1
충청남도,청양군,목면,4479034024,1
충청남도,태안군,근흥면,4482533027,1
충청남도,계룡시,엄사면,4425031521,1
충청남도,논산시,양촌면,4423039034,1
충청남도,서산시,팔봉면,4421033028,1
충청남도,태안군,근흥면,4482533028,1
충청남도,아산시,신창면,4420041021,1
충청남도,아산시,신창면,4420041022,1
충청남도,당진시,신평면,4427038021,1
충청남도,공주시,신풍면,4415040021,1
충청남도,논산시,양촌면,4423039032,1
충청남도,부여군,석성면,4476044024,1
충청남도,예산군,예산읍,4481025021,1
충청남도,천안시 서북구,쌍용동,4413310700,1
충청남도,아산시,모종동,4420011300,1
충청남도,태안군,소원면,4482534023,1
충청남도,아산시,송악면,4420031021,1
충청남도,예산군,덕산면,4481036031,1
충청남도,예산군,덕산면,4481036025,1
충청남도,태안군,안면읍,4482525321,1
충청남도,금산군,복수면,4471038028,1
충청남도,예산군,예산읍,4481025030,1
충청남도,부여군,옥산면,4476037027,1
충청남도,예산군,신양면,4481032021,1
충청남도,서천군,서천읍,4477025321,1
충청남도,아산시,배방읍,4420025329,1
충청남도,서산시,동문동,4421010200,1
충청남도,예산군,덕산면,4481036026,1
충청남도,서산시,읍내동,4421010100,1
충청남도,서천군,서천읍,4477025321,1
충청남도,공주시,정안면,4415037026,1
충청남도,아산시,탕정면,4420033026,1
충청남도,아산시,선장면,4420039021,1
충청남도,보령시,성주면,4418040021,1
충청남도,천안시 서북구,성환읍,4413325021,1
충청남도,청양군,비봉면,4479039021,1
충청남도,서천군,비인면,4477040021,1
충청남도,공주시,사곡면,4415039021,1
충청남도,공주시,반죽동,4415010100,1
충청남도,서산시,대산읍,4421025028,1
충청남도,공주시,신관동,4415012000,1
충청남도,예산군,삽교읍,4481025321,1
충청남도,당진시,신평면,4427038028,1
충청남도,논산시,상월면,4423034021,1
충청남도,금산군,군북면,4471034025,1
충청남도,보령시,궁촌동,4418010600,1
충청남도,금산군,복수면,4471038023,1
충청남도,아산시,배방읍,4420025329,1
충청남도,천안시 동남구,성남면,4413134027,1
충청남도,부여군,임천면,4476041025,1
충청남도,부여군,규암면,4476031026,1
충청남도,논산시,부적면,4423035021,1
충청남도,당진시,면천면,4427035021,1
충청남도,당진시,면천면,4427035021,1
충청남도,공주시,정안면,4415037023,1
충청남도,태안군,태안읍,4482525022,1
충청남도,청양군,목면,4479034024,1
충청남도,천안시 동남구,목천읍,4413125021,1
충청남도,태안군,남면,4482532023,1
충청남도,청양군,장평면,4479036023,1
충청남도,아산시,인주면,4420038025,1
충청남도,천안시 동남구,병천면,4413136022,1
충청남도,천안시 동남구,동면,4413137025,1
충청남도,홍성군,갈산면,4480038032,1
충청남도,홍성군,갈산면,4480038032,1
충청남도,공주시,반포면,4415034033,1
충청남도,태안군,안면읍,4482525321,1
충청남도,예산군,봉산면,4481037035,1
충청남도,금산군,추부면,4471039023,1
충청남도,청양군,정산면,4479033029,1
충청남도,청양군,정산면,4479033029,1
충청남도,태안군,소원면,4482534027,1
충청남도,청양군,대치면,4479032029,1
충청남도,청양군,대치면,4479032021,1
충청남도,예산군,대흥면,4481034021,1
충청남도,예산군,덕산면,4481036026,1
충청남도,예산군,덕산면,4481036025,1
충청남도,공주시,무릉동,4415011800,1
충청남도,보령시,미산면,4418039022,1
충청남도,서산시,대산읍,4421025031,1
충청남도,천안시 동남구,목천읍,4413125030,1
충청남도,논산시,연무읍,4423025327,1
충청남도,부여군,구룡면,4476035025,1
충청남도,당진시,수청동,4427010600,1
충청남도,홍성군,홍성읍,4480025022,1
충청남도,서산시,대산읍,4421025022,1
충청남도,공주시,신풍면,4415040028,1
충청남도,서산시,대산읍,4421025021,1
충청남도,보령시,대천동,4418010100,1
충청남도,보령시,대천동,4418010100,1
충청남도,보령시,대천동,4418010100,1
충청남도,보령시,동대동,4418010400,1
충청남도,보령시,명천동,4418010500,1
충청남도,보령시,신흑동,4418011000,1
충청남도,보령시,신흑동,4418011000,1
충청남도,청양군,대치면,4479032029,1
충청남도,부여군,은산면,4476032027,1
충청남도,태안군,남면,4482532023,1
충청남도,천안시 서북구,성환읍,4413325023,1
충청남도,계룡시,신도안면,4425033021,1
충청남도,보령시,남포면,4418036028,1
충청남도,부여군,내산면,4476034021,1
충청남도,예산군,삽교읍,4481025326,1
충청남도,예산군,삽교읍,4481025326,1
충청남도,논산시,노성면,4423033021,1
충청남도,논산시,취암동,4423010500,1
충청남도,부여군,규암면,4476031021,1
충청남도,태안군,근흥면,4482533025,1
충청남도,홍성군,홍동면,4480033031,1
충청남도,금산군,금산읍,4471025024,1
충청남도,천안시 동남구,목천읍,4413125030,1
충청남도,서천군,기산면,4477033026,1
충청남도,천안시 동남구,북면,4413133022,1
충청남도,당진시,송악읍,4427025321,1
충청남도,태안군,안면읍,4482525321,1
충청남도,태안군,안면읍,4482525321,1
충청남도,예산군,광시면,4481033021,1
충청남도,공주시,정안면,4415037021,1
충청남도,당진시,석문면,4427032025,1
충청남도,부여군,구룡면,4476035024,1
충청남도,당진시,구룡동,4427011100,1
충청남도,부여군,구룡면,4476035024,1
충청남도,당진시,구룡동,4427011100,1
충청남도,당진시,구룡동,4427011100,1
충청남도,홍성군,구항면,4480039028,1
충청남도,예산군,고덕면,4481038021,1
충청남도,아산시,배방읍,4420025331,1
충청남도,아산시,인주면,4420038021,1
충청남도,공주시,반포면,4415034021,1
충청남도,공주시,신관동,4415012000,1
충청남도,공주시,금성동,4415010800,1
충청남도,공주시,이인면,4415031037,1
충청남도,공주시,신관동,4415012000,1
충청남도,홍성군,갈산면,4480038021,1
충청남도,천안시 서북구,불당동,4413310800,1
충청남도,논산시,강경읍,4423025029,1
충청남도,논산시,은진면,4423041027,1
충청남도,서천군,마서면,4477031021,1
충청남도,공주시,계룡면,4415033022,1
충청남도,계룡시,금암동,4425010100,1
충청남도,계룡시,신도안면,4425033021,1
충청남도,태안군,고남면,4482531023,1
충청남도,당진시,송악읍,4427025338,1
전라북도,정읍시,태인면,4518039030,1
전라북도,고창군,성송면,4579037029,1
전라북도,고창군,성송면,4579037029,1
전라북도,익산시,함열읍,4514025021,1
전라북도,고창군,해리면,4579036023,1
전라북도,부안군,변산면,4580036025,1
전라북도,고창군,흥덕면,4579040021,1
전라북도,고창군,고창읍,4579025033,1
전라북도,고창군,흥덕면,4579040022,1
전라북도,남원시,인월면,4519047021,1
전라북도,전주시 덕진구,중동,4511313800,1
전라북도,군산시,지곡동,4513014300,1
전라북도,진안군,진안읍,4572025021,1
전라북도,장수군,천천면,4574034026,1
전라북도,정읍시,칠보면,4518042025,1
전라북도,남원시,인월면,4519047028,1
전라북도,무주군,적상면,4573033022,1
전라북도,순창군,적성면,4577038024,1
전라북도,전주시 덕진구,금암동,4511310700,1
전라북도,전주시 덕진구,금암동,4511310700,1
전라북도,전주시 덕진구,금암동,4511310700,1
전라북도,전주시 완산구,효자동3가,4511114200,1
전라북도,정읍시,산내면,4518043023,1
전라북도,정읍시,연지동,4518010500,1
전라북도,진안군,주천면,4572040021,1
전라북도,완주군,봉동읍,4571025321,1
전라북도,익산시,평화동,4514010600,1
전라북도,익산시,창인동1가,4514010100,1
전라북도,남원시,인월면,4519047023,1
전라북도,임실군,임실읍,4575025022,1
전라북도,장수군,장계면,4574033521,1
전라북도,장수군,장수읍,4574025022,1
전라북도,완주군,상관면,4571032021,1
전라북도,진안군,진안읍,4572025022,1
전라북도,완주군,운주면,4571038023,1
전라북도,김제시,금산면,4521045023,1
전라북도,김제시,금산면,4521045023,1
전라북도,고창군,고창읍,4579025022,1
전라북도,남원시,아영면,4519045031,1
전라북도,남원시,아영면,4519045030,1
전라북도,정읍시,이평면,4518037025,1
전라북도,익산시,평화동,4514010600,1
전라북도,임실군,오수면,4575035521,1
전라북도,전주시 완산구,서완산동1가,4511112300,1
전라북도,완주군,이서면,4571033024,1
전라북도,진안군,성수면,4572036021,1
전라북도,남원시,아영면,4519045024,1
전라북도,익산시,영등동,4514012200,1
전라북도,진안군,주천면,4572040025,1
전라북도,남원시,인월면,4519047028,1
전라북도,완주군,삼례읍,4571025022,1
전라북도,완주군,삼례읍,4571025022,1
전라북도,순창군,순창읍,4577025021,1
전라북도,정읍시,신태인읍,4518025021,1
전라북도,남원시,산내면,4519046027,1
전라북도,고창군,심원면,4579039028,1
전라북도,순창군,쌍치면,4577036033,1
전라북도,전주시 덕진구,인후동1가,4511310300,1
전라북도,무주군,안성면,4573034021,1
전라북도,진안군,안천면,4572032021,1
전라북도,익산시,여산면,4514039021,1
전라북도,정읍시,고부면,4518034030,1
전라북도,남원시,산동면,4519041024,1
전라북도,정읍시,산외면,4518044022,1
전라북도,완주군,삼례읍,4571025021,1
전라북도,완주군,봉동읍,4571025331,1
전라북도,남원시,도통동,4519011600,1
전라북도,전주시 완산구,효자동1가,4511114000,1
전라북도,고창군,아산면,4579032036,1
전라북도,무주군,설천면,4573032024,1
전라북도,고창군,성송면,4579037026,1
전라북도,진안군,성수면,4572036021,1
전라북도,남원시,산내면,4519046023,1
전라북도,남원시,산내면,4519046027,1
전라북도,장수군,번암면,4574032028,1
전라북도,진안군,진안읍,4572025021,1
전라북도,순창군,복흥면,4577037031,1
전라북도,완주군,봉동읍,4571025328,1
전라북도,부안군,부안읍,4580025024,1
전라북도,군산시,비응도동,4513014800,1
전라북도,남원시,산내면,4519046023,1
전라북도,김제시,만경읍,4521025021,1
전라북도,남원시,산내면,4519046023,1
전라북도,무주군,무주읍,4573025022,1
전라북도,무주군,안성면,4573034021,1
전라북도,남원시,주천면,4519031023,1
전라북도,진안군,백운면,4572035027,1
전라북도,남원시,산내면,4519046027,1
전라북도,남원시,산내면,4519046022,1
전라북도,고창군,대산면,4579038025,1
전라북도,군산시,대야면,4513035022,1
전라북도,남원시,덕과면,4519039024,1
전라북도,고창군,신림면,4579042033,1
전라북도,고창군,신림면,4579042033,1
전라북도,전주시 덕진구,덕진동1가,4511310500,1
전라북도,순창군,복흥면,4577037022,1
전라북도,남원시,산내면,4519046023,1
전라북도,진안군,마령면,4572037021,1
전라북도,익산시,금마면,4514040021,1
전라북도,김제시,요촌동,4521010100,1
전라북도,남원시,동충동,4519010100,1
전라북도,남원시,도통동,4519011600,1
전라북도,부안군,진서면,4580037022,1
전라북도,정읍시,내장동,4518011900,1
전라북도,정읍시,내장동,4518011900,1
전라북도,순창군,복흥면,4577037036,1
전라북도,완주군,운주면,4571038021,1
전라북도,남원시,대산면,4519037026,1
전라북도,익산시,신흥동,4514012400,1
전라북도,임실군,관촌면,4575038026,1
전라북도,고창군,상하면,4579035024,1
전라북도,무주군,설천면,4573032030,1
전라북도,군산시,경암동,4513013600,1
전라북도,군산시,미룡동,4513014500,1
전라북도,무주군,부남면,4573035026,1
전라북도,순창군,금과면,4577034035,1
전라북도,남원시,아영면,4519045024,1
전라북도,임실군,강진면,4575039023,1
전라북도,순창군,팔덕면,4577035025,1
전라북도,순창군,팔덕면,4577035025,1
전라북도,완주군,경천면,4571041023,1
전라북도,완주군,경천면,4571041023,1
전라북도,장수군,계남면,4574035025,1
전라북도,장수군,계북면,4574036024,1
전라북도,완주군,고산면,4571036021,1
전라북도,고창군,고창읍,4579025021,1
전라남도,장흥군,회진면,4680037022,1
전라남도,해남군,산이면,4682041032,1
전라남도,영암군,학산면,4683038024,1
전라남도,해남군,북일면,4682036024,1
전라남도,해남군,화산면,4682032029,1
전라남도,영암군,서호면,4683037022,1
전라남도,화순군,화순읍,4679025031,1
전라남도,구례군,마산면,4673034024,1
전라남도,해남군,화원면,4682043021,1
전라남도,강진군,옴천면,4681039022,1
전라남도,장성군,장성읍,4688025024,1
전라남도,해남군,황산면,4682040025,1
전라남도,해남군,산이면,4682041029,1
전라남도,해남군,계곡면,4682038035,1
전라남도,해남군,현산면,4682033032,1
전라남도,무안군,해제면,4684036026,1
전라남도,영암군,군서면,4683036021,1
전라남도,영암군,신북면,4683033031,1
전라남도,여수시,돌산읍,4613025024,1
전라남도,무안군,현경면,4684034024,1
전라남도,해남군,현산면,4682033025,1
전라남도,해남군,현산면,4682033029,1
전라남도,영광군,홍농읍,4687025621,1
전라남도,강진군,군동면,4681031025,1
전라남도,강진군,병영면,4681038027,1
전라남도,해남군,마산면,4682039029,1
전라남도,영암군,영암읍,4683025024,1
전라남도,영암군,도포면,4683035022,1
전라남도,함평군,학교면,4686033027,1
전라남도,함평군,함평읍,4686025022,1
전라남도,영암군,시종면,4683034024,1
전라남도,해남군,해남읍,4682025021,1
전라남도,해남군,송지면,4682034033,1
전라남도,구례군,산동면,4673037028,1
전라남도,해남군,송지면,4682034031,1
전라남도,영암군,군서면,4683036029,1
전라남도,해남군,북평면,4682035024,1
전라남도,장성군,장성읍,4688025024,1
전라남도,영암군,삼호읍,4683025326,1
전라남도,강진군,작천면,4681037026,1
전라남도,영광군,군서면,4687034028,1
전라남도,구례군,용방면,4673036024,1
전라남도,영암군,금정면,4683032024,1
전라남도,강진군,칠량면,4681032023,1
전라남도,영암군,금정면,4683032031,1
전라남도,구례군,산동면,4673037021,1
전라남도,영암군,서호면,4683037030,1
전라남도,광양시,금호동,4623011000,1
전라남도,광양시,태인동,4623010900,1
전라남도,광양시,태인동,4623010900,1
전라남도,강진군,작천면,4681037022,1
전라남도,신안군,압해읍,4691025329,1
전라남도,영암군,영암읍,4683025029,1
전라남도,무안군,청계면,4684033023,1
전라남도,진도군,진도읍,4690025028,1
전라남도,강진군,대구면,4681033022,1
전라남도,화순군,청풍면,4679033031,1
전라남도,해남군,현산면,4682033028,1
전라북도,순창군,복흥면,4577037031,1
전라남도,화순군,춘양면,4679032021,1
전라남도,신안군,증도면,4691031021,1
전라남도,신안군,증도면,4691031021,1
전라남도,해남군,황산면,4682040027,1
전라남도,영암군,군서면,4683036024,1
전라남도,신안군,지도읍,4691025025,1
전라남도,구례군,산동면,4673037030,1
전라남도,진도군,진도읍,4690025025,1
전라남도,곡성군,입면,4672038029,1
전라남도,순천시,주암면,4615035025,1
전라남도,순천시,주암면,4615035023,1
전라남도,담양군,수북면,4671040030,1
전라남도,곡성군,죽곡면,4672035021,1
전라남도,광양시,중군동,4623010500,1
전라남도,광양시,중동,4623010600,1
전라남도,광양시,중동,4623010600,1
전라남도,영암군,삼호읍,4683025328,1
전라남도,신안군,증도면,4691031023,1
전라남도,신안군,증도면,4691031021,1
전라남도,신안군,증도면,4691031021,1
전라남도,무안군,몽탄면,4684032030,1
전라남도,무안군,삼향읍,4684025622,1
전라남도,신안군,지도읍,4691025024,1
전라남도,광양시,중동,4623010600,1
전라남도,영암군,도포면,4683035025,1
전라남도,순천시,조례동,4615013300,1
전라남도,순천시,조례동,4615013300,1
전라남도,보성군,조성면,4678037021,1
전라남도,영암군,시종면,4683034026,1
전라남도,해남군,북일면,4682036023,1
전라남도,강진군,옴천면,4681039025,1
전라남도,장성군,장성읍,4688025024,1
전라남도,장성군,장성읍,4688025031,1
전라남도,장성군,북이면,4688039021,1
전라남도,해남군,계곡면,4682038025,1
전라남도,영암군,영암읍,4683025033,1
전라남도,영암군,서호면,4683037025,1
전라남도,장흥군,장평면,4680034021,1
전라남도,해남군,해남읍,4682025032,1
전라남도,장흥군,장흥읍,4680025037,1
전라남도,장흥군,장흥읍,4680025023,1
전라남도,화순군,백아면,4679039534,1
전라남도,화순군,백아면,4679039530,1
전라북도,전주시 덕진구,인후동1가,4511310300,1
전라남도,곡성군,입면,4672038021,1
전라남도,영암군,금정면,4683032025,1
전라남도,신안군,지도읍,4691025029,1
전라남도,강진군,작천면,4681037032,1
전라남도,해남군,계곡면,4682038033,1
전라남도,신안군,증도면,4691031023,1
전라남도,장성군,장성읍,4688025024,1
전라남도,함평군,월야면,4686038025,1
전라남도,영암군,영암읍,4683025029,1
전라남도,영암군,학산면,4683038029,1
전라남도,장흥군,유치면,4680035036,1
전라남도,영암군,신북면,4683033031,1
전라남도,보성군,회천면,4678039021,1
전라남도,영암군,학산면,4683038029,1
전라남도,강진군,작천면,4681037025,1
전라남도,화순군,이양면,4679034029,1
전라남도,해남군,북평면,4682035022,1
전라남도,장성군,장성읍,4688025024,1
전라남도,장흥군,유치면,4680035034,1
전라남도,완도군,군외면,4689031024,1
전라남도,화순군,백아면,4679039526,1
전라남도,영암군,도포면,4683035021,1
전라남도,강진군,칠량면,4681032023,1
전라남도,담양군,월산면,4671039021,1
전라남도,장성군,장성읍,4688025024,1
전라남도,영암군,금정면,4683032029,1
전라남도,구례군,용방면,4673036024,1
전라남도,구례군,용방면,4673036021,1
전라남도,장흥군,용산면,4680031023,1
전라남도,장성군,장성읍,4688025024,1
전라남도,강진군,작천면,4681037021,1
전라남도,장성군,장성읍,4688025024,1
전라남도,해남군,문내면,4682042023,1
전라남도,신안군,증도면,4691031023,1
전라남도,고흥군,봉래면,4677036023,1
전라남도,곡성군,오산면,4672040021,1
전라남도,장성군,북일면,4688038023,1
전라남도,해남군,황산면,4682040033,1
전라남도,나주시,반남면,4617033021,1
전라남도,영암군,시종면,4683034034,1
충청북도,옥천군,옥천읍,4373025038,1
전라남도,강진군,옴천면,4681039026,1
전라남도,완도군,완도읍,4689025021,1
전라남도,영암군,도포면,4683035023,1
전라남도,나주시,이창동,4617012800,1
전라남도,영암군,삼호읍,4683025325,1
전라남도,나주시,삼영동,4617010400,1
전라남도,나주시,삼영동,4617010400,1
전라남도,영암군,영암읍,4683025025,1
전라남도,해남군,북평면,4682035025,1
전라남도,해남군,송지면,4682034026,1
전라남도,영암군,서호면,4683037026,1
전라남도,보성군,득량면,4678038023,1
전라남도,영암군,군서면,4683036022,1
전라남도,해남군,계곡면,4682038030,1
전라남도,여수시,덕충동,4613012600,1
전라남도,여수시,선원동,4613013500,1
전라남도,해남군,마산면,4682039028,1
전라남도,강진군,옴천면,4681039021,1
전라남도,영암군,금정면,4683032021,1
전라남도,영광군,염산면,4687036023,1
전라남도,영암군,도포면,4683035022,1
전라남도,영광군,영광읍,4687025039,1
전라남도,영암군,덕진면,4683031027,1
전라남도,장성군,장성읍,4688025024,1
전라남도,강진군,작천면,4681037027,1
전라남도,완도군,약산면,4689034022,1
전라남도,장성군,북하면,4688040025,1
전라남도,장성군,북하면,4688040025,1
전라남도,무안군,몽탄면,4684032023,1
전라남도,해남군,송지면,4682034028,1
전라남도,영암군,서호면,4683037024,1
전라남도,여수시,오림동,4613012100,1
전라남도,여수시,봉산동,4613011500,1
전라남도,영암군,시종면,4683034032,1
전라남도,장성군,북일면,4688038021,1
전라남도,목포시,상동,4611015800,1
전라남도,진도군,의신면,4690033029,1
전라남도,영암군,금정면,4683032022,1
전라남도,영암군,금정면,4683032026,1
전라남도,장성군,장성읍,4688025028,1
전라남도,해남군,화산면,4682032033,1
전라남도,신안군,암태면,4691042023,1
전라남도,신안군,압해읍,4691025326,1
전라남도,광양시,옥곡면,4623033024,1
전라남도,영암군,군서면,4683036025,1
전라남도,영암군,학산면,4683038028,1
전라남도,영암군,신북면,4683033030,1
전라남도,신안군,압해읍,4691025331,1
전라남도,순천시,별량면,4615039024,1
전라남도,영암군,서호면,4683037026,1
전라남도,영암군,시종면,4683034024,1
전라남도,고흥군,도양읍,4677025324,1
전라남도,순천시,장천동,4615011900,1
전라남도,순천시,대대동,4615013100,1
전라남도,순천시,풍덕동,4615011500,1
전라남도,순천시,대대동,4615013100,1
전라남도,순천시,매곡동,4615010700,1
전라남도,순천시,매곡동,4615010700,1
전라남도,순천시,조곡동,4615011100,1
전라남도,순천시,조곡동,4615011100,1
전라남도,영암군,시종면,4683034027,1
전라남도,함평군,신광면,4686032029,1
전라남도,해남군,옥천면,4682037033,1
전라남도,영암군,시종면,4683034025,1
전라남도,영암군,서호면,4683037022,1
전라남도,해남군,송지면,4682034030,1
전라남도,영암군,삼호읍,4683025323,1
전라남도,영암군,영암읍,4683025031,1
전라남도,해남군,송지면,4682034030,1
전라남도,영암군,시종면,4683034031,1
전라남도,곡성군,옥과면,4672037028,1
전라남도,담양군,수북면,4671040034,1
전라남도,영암군,군서면,4683036023,1
전라남도,광양시,성황동,4623010400,1
전라남도,영암군,금정면,4683032031,1
전라남도,영암군,삼호읍,4683025325,1
전라남도,영암군,금정면,4683032024,1
전라남도,영암군,시종면,4683034022,1
전라남도,함평군,손불면,4686031025,1
전라남도,신안군,압해읍,4691025329,1
전라남도,순천시,송광면,4615036023,1
전라남도,강진군,도암면,4681034031,1
전라남도,영암군,금정면,4683032023,1
전라남도,영암군,학산면,4683038029,1
전라남도,구례군,토지면,4673033025,1
전라남도,광양시,진월면,4623035021,1
전라남도,광양시,진월면,4623035025,1
전라남도,광양시,진월면,4623035025,1
전라남도,장성군,장성읍,4688025024,1
전라남도,영암군,서호면,4683037028,1
전라남도,강진군,병영면,4681038028,1
전라남도,강진군,작천면,4681037026,1
전라남도,장성군,삼서면,4688034025,1
전라남도,장성군,삼계면,4688035031,1
전라남도,영암군,신북면,4683033030,1
전라남도,해남군,송지면,4682034034,1
전라남도,영암군,군서면,4683036027,1
전라남도,해남군,북평면,4682035023,1
전라남도,곡성군,석곡면,4672033021,1
전라남도,강진군,군동면,4681031030,1
전라남도,영암군,금정면,4683032031,1
전라남도,목포시,옥암동,4611016400,1
전라남도,목포시,옥암동,4611016400,1
전라남도,영광군,불갑면,4687033026,1
전라남도,장성군,북하면,4688040025,1
전라남도,구례군,용방면,4673036023,1
전라남도,해남군,계곡면,4682038031,1
전라남도,장성군,삼계면,4688035021,1
전라남도,해남군,송지면,4682034027,1
전라남도,장성군,삼서면,4688034021,1
전라남도,영암군,삼호읍,4683025326,1
전라남도,강진군,병영면,4681038025,1
전라남도,보성군,보성읍,4678025028,1
전라남도,보성군,보성읍,4678025021,1
전라남도,보성군,보성읍,4678025021,1
전라남도,장흥군,장평면,4680034026,1
전라남도,보성군,복내면,4678035021,1
전라남도,곡성군,오산면,4672040021,1
전라남도,장흥군,장평면,4680034026,1
전라남도,강진군,대구면,4681033021,1
전라남도,영광군,영광읍,4687025021,1
전라남도,영암군,군서면,4683036027,1
전라남도,고흥군,동일면,4677045022,1
전라남도,장성군,북하면,4688040025,1
전라남도,영암군,신북면,4683033032,1
전라남도,해남군,현산면,4682033027,1
전라남도,보성군,벌교읍,4678025338,1
전라남도,영광군,대마면,4687031024,1
전라남도,담양군,수북면,4671040031,1
전라남도,해남군,송지면,4682034026,1
전라남도,여수시,덕충동,4613012600,1
전라남도,해남군,계곡면,4682038027,1
전라남도,나주시,반남면,4617033026,1
전라남도,장흥군,장동면,4680033025,1
전라남도,영암군,도포면,4683035023,1
전라남도,영암군,시종면,4683034028,1
전라남도,장성군,장성읍,4688025024,1
전라남도,영암군,군서면,4683036026,1
전라남도,곡성군,목사동면,4672034021,1
전라남도,곡성군,목사동면,4672034021,1
전라남도,목포시,상동,4611015800,1
전라남도,무안군,청계면,4684033023,1
전라남도,영암군,서호면,4683037021,1
전라남도,영암군,서호면,4683037028,1
전라남도,영암군,군서면,4683036024,1
전라남도,강진군,마량면,4681040024,1
전라남도,영암군,삼호읍,4683025322,1
전라남도,무안군,망운면,4684035021,1
전라남도,영암군,학산면,4683038030,1
전라남도,영암군,삼호읍,4683025323,1
전라남도,광양시,진상면,4623034022,1
전라남도,담양군,담양읍,4671025033,1
전라남도,무안군,삼향읍,4684025622,1
전라남도,광양시,광영동,4623010800,1
전라남도,여수시,봉산동,4613011500,1
전라남도,영암군,도포면,4683035025,1
전라남도,고흥군,도화면,4677034027,1
전라남도,영암군,학산면,4683038027,1
전라남도,광양시,중동,4623010600,1
전라남도,광양시,중동,4623010600,1
전라남도,영암군,금정면,4683032029,1
전라남도,나주시,중앙동,4617011500,1
전라남도,담양군,대전면,4671041021,1
전라남도,영암군,삼호읍,4683025325,1
전라남도,장성군,장성읍,4688025024,1
전라북도,순창군,복흥면,4577037026,1
전라남도,함평군,신광면,4686032026,1
전라남도,장성군,장성읍,4688025024,1
전라남도,여수시,소라면,4613031021,1
전라남도,장성군,장성읍,4688025024,1
전라남도,화순군,도암면,4679037025,1
전라남도,강진군,도암면,4681034030,1
전라남도,담양군,담양읍,4671025023,1
전라남도,담양군,금성면,4671037024,1
전라남도,담양군,금성면,4671037024,1
전라남도,완도군,약산면,4689034025,1
전라남도,여수시,남산동,4613011600,1
전라남도,장흥군,대덕읍,4680025622,1
전라남도,영암군,삼호읍,4683025330,1
전라남도,여수시,돌산읍,4613025021,1
전라남도,장성군,장성읍,4688025024,1
전라남도,화순군,백아면,4679039535,1
전라남도,고흥군,도양읍,4677025324,1
전라남도,고흥군,도양읍,4677025324,1
전라남도,진도군,군내면,4690031022,1
전라남도,영암군,영암읍,4683025034,1
전라남도,화순군,능주면,4679035023,1
전라남도,나주시,다시면,4617036022,1
전라남도,장성군,장성읍,4688025024,1
전라남도,강진군,군동면,4681031025,1
전라남도,해남군,황산면,4682040028,1
전라남도,무안군,삼향읍,4684025622,1
전라남도,무안군,삼향읍,4684025622,1
전라남도,해남군,북평면,4682035021,1
전라남도,영암군,서호면,4683037028,1
전라남도,영암군,시종면,4683034034,1
전라남도,강진군,대구면,4681033021,1
전라남도,영암군,덕진면,4683031023,1
전라남도,구례군,산동면,4673037021,1
전라남도,영암군,시종면,4683034031,1
전라남도,영암군,금정면,4683032024,1
전라남도,광양시,금호동,4623011000,1
전라남도,영암군,금정면,4683032026,1
전라남도,고흥군,봉래면,4677036024,1
전라남도,고흥군,고흥읍,4677025027,1
전라남도,나주시,중앙동,4617011500,1
전라남도,나주시,빛가람동,4617013400,1
전라남도,강진군,병영면,4681038021,1
전라북도,전주시 완산구,남노송동,4511112100,1
전라남도,구례군,구례읍,4673025022,1
전라남도,무안군,청계면,4684033026,1
전라남도,해남군,삼산면,4682031027,1
전라남도,장성군,장성읍,4688025024,1
전라남도,장성군,장성읍,4688025028,1
전라남도,강진군,군동면,4681031023,1
전라남도,영암군,군서면,4683036030,1
전라남도,장성군,장성읍,4688025024,1
전라남도,영암군,서호면,4683037029,1
전라남도,광양시,광양읍,4623025032,1
전라남도,광양시,금호동,4623011000,1
전라남도,광양시,다압면,4623036022,1
전라남도,광양시,금호동,4623011000,1
전라남도,광양시,도이동,4623010300,1
전라남도,광양시,광영동,4623010800,1
전라남도,광양시,광영동,4623010800,1
전라남도,순천시,주암면,4615035033,1
전라남도,순천시,황전면,4615033024,1
전라남도,강진군,대구면,4681033029,1
전라남도,완도군,고금면,4689033022,1
전라남도,영암군,삼호읍,4683025330,1
전라남도,고흥군,고흥읍,4677025028,1
전라남도,곡성군,곡성읍,4672025021,1
전라남도,순천시,송광면,4615036031,1
전라남도,고흥군,도양읍,4677025324,1
전라남도,장흥군,관산읍,4680025321,1
전라남도,영암군,학산면,4683038027,1
전라남도,영암군,신북면,4683033031,1
전라남도,광양시,광양읍,4623025031,1
전라남도,영암군,삼호읍,4683025328,1
전라남도,장성군,북하면,4688040028,1
전라남도,강진군,군동면,4681031022,1
전라남도,장성군,장성읍,4688025024,1
전라남도,강진군,강진읍,4681025026,1
전라남도,영암군,영암읍,4683025029,1
전라남도,영암군,군서면,4683036026,1
전라남도,구례군,산동면,4673037032,1
전라남도,영암군,학산면,4683038026,1
경상북도,포항시 북구,흥해읍,4711325024,1
경상북도,포항시 북구,송라면,4711333027,1
경상북도,예천군,개포면,4790039028,1
경상북도,봉화군,소천면,4792035022,1
경상북도,군위군,효령면,4772032042,1
경상북도,포항시 남구,효자동,4711111400,1
경상북도,예천군,유천면,4790037056,1
경상북도,울진군,후포면,4793038022,1
경상북도,청도군,운문면,4782035036,1
경상북도,청도군,풍각면,4782032041,1
경상북도,문경시,흥덕동,4728010300,1
경상북도,문경시,흥덕동,4728010300,1
경상북도,상주시,화서면,4725041021,1
경상북도,청송군,현서면,4775034043,1
경상북도,상주시,화북면,4725042021,1
경상북도,상주시,화북면,4725042021,1
경상북도,군위군,삼국유사면,4772038022,1
경상북도,청송군,안덕면,4775035033,1
경상북도,청도군,화양읍,4782025021,1
경상북도,포항시 남구,대잠동,4711111600,1
경상북도,경주시,양남면,4713032021,1
경상북도,경산시,하양읍,4729025021,1
경상북도,문경시,농암면,4728037027,1
경상북도,예천군,풍양면,4790041026,1
경상북도,상주시,함창읍,4725025021,1
경상북도,구미시,해평면,4719034021,1
경상북도,영양군,청기면,4776032043,1
경상북도,예천군,용궁면,4790038025,1
경상북도,청도군,청도읍,4782025336,1
경상북도,울진군,평해읍,4793025321,1
경상북도,포항시 남구,상도동,4711110100,1
경상북도,포항시 북구,흥해읍,4711325024,1
경상북도,포항시 남구,동해면,4711132021,1
경상북도,청도군,풍각면,4782032033,1
경상북도,안동시,풍산읍,4717025022,1
경상북도,의성군,춘산면,4773035029,1
경상북도,봉화군,춘양면,4792034021,1
경상북도,청도군,이서면,4782034038,1
경상북도,의성군,금성면,4773037037,1
경상북도,안동시,태화동,4717012200,1
경상북도,청도군,화양읍,4782025037,1
경상북도,청도군,운문면,4782035036,1
경상북도,청도군,화양읍,4782025033,1
경상북도,경산시,평산동,4729012500,1
경상북도,상주시,화남면,4725047024,1
경상북도,청도군,풍각면,4782032043,1
경상북도,포항시 남구,오천읍,4711125627,1
경상북도,칠곡군,가산면,4785033039,1
경상북도,상주시,청리면,4725034023,1
경상북도,성주군,성주읍,4784025021,1
경상북도,안동시,풍천면,4717034021,1
경상북도,의성군,춘산면,4773035029,1
경상북도,포항시 북구,죽장면,4711335024,1
경상북도,포항시 북구,죽장면,4711335024,1
경상북도,경산시,백천동,4729010600,1
경상북도,문경시,농암면,4728037030,1
경상북도,김천시,지례면,4715042021,1
경상북도,예천군,지보면,4790040022,1
경상북도,청도군,매전면,4782037052,1
경상북도,청도군,운문면,4782035039,1
경상북도,경주시,감포읍,4713025023,1
경상북도,문경시,모전동,4728011000,1
경상북도,문경시,흥덕동,4728010300,1
경상북도,청도군,운문면,4782035041,1
경상북도,포항시 북구,죽장면,4711335028,1
경상북도,영양군,일월면,4776033032,1
경상북도,구미시,도량동,4719010300,1
경상북도,청송군,주왕산면,4775031524,1
경상북도,울진군,죽변면,4793037022,1
경상북도,울진군,죽변면,4793037022,1
경상북도,경주시,외동읍,4713025921,1
경상북도,경주시,외동읍,4713025921,1
경상북도,영양군,입암면,4776031034,1
경상북도,영천시,자양면,4723036028,1
경상북도,경산시,자인면,4729033021,1
경상북도,영천시,화북면,4723034021,1
경상북도,봉화군,소천면,4792035022,1
경상북도,영덕군,남정면,4777032036,1
경상북도,영주시,장수면,4721034023,1
경상북도,구미시,장천면,4719036021,1
경상북도,구미시,황상동,4719012100,1
경상북도,청도군,각남면,4782031033,1
경상북도,구미시,선산읍,4719025033,1
경상북도,영양군,일월면,4776033037,1
경상북도,안동시,일직면,4717035033,1
경상북도,영천시,임고면,4723037021,1
경상북도,청도군,금천면,4782036037,1
경상북도,안동시,임동면,4717040021,1
경상북도,청도군,매전면,4782037041,1
경상북도,영천시,북안면,4723039034,1
경상북도,봉화군,석포면,4792039021,1
경상북도,경주시,안강읍,4713025326,1
경상북도,청도군,각북면,4782033031,1
경상북도,상주시,은척면,4725044021,1
경상북도,청도군,청도읍,4782025337,1
경상북도,의성군,의성읍,4773025021,1
경상북도,군위군,의흥면,4772035032,1
경상북도,예천군,개포면,4790039024,1
경상북도,청도군,이서면,4782034044,1
경상북도,청도군,각남면,4782031036,1
경상북도,울진군,울진읍,4793025021,1
경상북도,울진군,매화면,4793040021,1
경상북도,영덕군,지품면,4777034048,1
경상북도,문경시,산양면,4728032029,1
경상북도,안동시,녹전면,4717043024,1
경상북도,포항시 북구,죽장면,4711335033,1
경상북도,예천군,감천면,4790034046,1
경상북도,청도군,화양읍,4782025036,1
경상북도,경산시,남천면,4729037022,1
경상북도,예천군,용궁면,4790038021,1
경상북도,예천군,용궁면,4790038021,1
경상북도,구미시,도개면,4719033022,1
경상북도,포항시 남구,오천읍,4711125630,1
경상북도,안동시,용상동,4717011000,1
경상북도,경산시,용성면,4729034021,1
경상북도,포항시 북구,용흥동,4711311700,1
경상북도,군위군,우보면,4772034031,1
경상북도,청도군,운문면,4782035036,1
경상북도,상주시,공성면,4725035021,1
경상북도,구미시,옥성면,4719032023,1
경상북도,상주시,화북면,4725042024,1
경상북도,청도군,매전면,4782037047,1
경상북도,울진군,온정면,4793036021,1
경상북도,울진군,온정면,4793036022,1
경상북도,안동시,북후면,4717032021,1
경상북도,안동시,와룡면,4717031022,1
경상북도,칠곡군,왜관읍,4785025028,1
경상북도,칠곡군,왜관읍,4785025026,1
경상북도,칠곡군,왜관읍,4785025024,1
경상북도,칠곡군,왜관읍,4785025025,1
경상북도,칠곡군,왜관읍,4785025021,1
경상북도,칠곡군,왜관읍,4785025021,1
경상북도,영천시,금노동,4723011200,1
경상북도,영천시,금노동,4723011200,1
경상북도,영덕군,영해면,4777036030,1
경상북도,예천군,예천읍,4790025027,1
경상북도,예천군,예천읍,4790025025,1
경상북도,예천군,예천읍,4790025022,1
경상북도,청도군,금천면,4782036040,1
경상북도,청도군,운문면,4782035035,1
경상북도,영덕군,달산면,4777033042,1
경상북도,상주시,공성면,4725035021,1
경상북도,경주시,문무대왕면,4713031521,1
경상북도,군위군,의흥면,4772035039,1
경상북도,예천군,유천면,4790037056,1
경상북도,경산시,대동,4729011500,1
경상북도,경산시,대동,4729011500,1
경상북도,영덕군,영덕읍,4777025024,1
경상북도,문경시,영순면,4728031022,1
경상북도,영양군,영양읍,4776025022,1
경상북도,영주시,가흥동,4721010500,1
경상북도,영주시,봉현면,4721036022,1
경상북도,청송군,안덕면,4775035033,1
경상북도,안동시,송현동,4717013600,1
경상북도,안동시,송천동,4717013700,1
경상북도,안동시,남문동,4717011600,1
경상북도,고령군,쌍림면,4783037049,1
경상북도,칠곡군,약목면,4785036028,1
경상북도,경주시,양남면,4713032021,1
경상북도,청도군,이서면,4782034050,1
경상북도,청도군,이서면,4782034050,1
경상북도,상주시,공검면,4725045026,1
경상북도,청도군,운문면,4782035036,1
경상북도,청도군,금천면,4782036038,1
경상북도,청도군,이서면,4782034051,1
경상북도,경주시,서면,4713035022,1
경상북도,경주시,안강읍,4713025332,1
경상북도,경주시,안강읍,4713025333,1
경상북도,의성군,안계면,4773043030,1
경상북도,안동시,안기동,4717012800,1
경상북도,안동시,안기동,4717012800,1
경상북도,영양군,수비면,4776034031,1
경상북도,청도군,이서면,4782034045,1
경상북도,청도군,이서면,4782034045,1
경상북도,경주시,건천읍,4713025626,1
경상북도,청도군,각남면,4782031036,1
경상북도,안동시,풍천면,4717034021,1
경상북도,의성군,다인면,4773044049,1
경상북도,영천시,신녕면,4723032029,1
경상북도,울진군,울진읍,4793025028,1
경상북도,영덕군,지품면,4777034052,1
대구광역시,달성군,가창면,2771031031,1
경상북도,구미시,선산읍,4719025022,1
경상북도,구미시,옥성면,4719032028,1
경상북도,성주군,성주읍,4784025021,1
경상북도,경주시,외동읍,4713025921,1
경상북도,청도군,각북면,4782033032,1
경상북도,봉화군,소천면,4792035021,1
경상북도,포항시 북구,송라면,4711333028,1
경상북도,청도군,매전면,4782037053,1
경상북도,포항시 북구,죽장면,4711335029,1
경상북도,안동시,풍산읍,4717025035,1
경상북도,포항시 북구,죽장면,4711335029,1
경상북도,포항시 북구,죽장면,4711335038,1
경상북도,봉화군,상운면,4792038021,1
경상북도,상주시,무양동,4725010900,1
경상북도,상주시,가장동,4725011300,1
경상북도,청도군,매전면,4782037056,1
경상북도,경산시,남천면,4729037027,1
경상북도,의성군,단밀면,4773041035,1
경상북도,의성군,단밀면,4773041035,1
경상북도,경주시,산내면,4713034026,1
경상북도,경주시,안강읍,4713025332,1
경상북도,구미시,산동읍,4719025623,1
경상북도,문경시,산양면,4728032029,1
경상북도,청도군,운문면,4782035032,1
경상북도,울진군,금강송면,4793039021,1
경상북도,울진군,후포면,4793038022,1
경상북도,영천시,화남면,4723035027,1
경상북도,예천군,효자면,4790042021,1
경상북도,봉화군,봉화읍,4792025031,1
경상북도,청송군,주왕산면,4775031527,1
경상북도,영천시,북안면,4723039034,1
경상북도,청도군,매전면,4782037045,1
경상북도,경주시,구정동,4713013100,1
경상북도,의성군,비안면,4773039040,1
경상북도,영천시,임고면,4723037029,1
경상북도,의성군,춘산면,4773035035,1
경상북도,청도군,금천면,4782036032,1
경상북도,구미시,도량동,4719010300,1
경상북도,구미시,송정동,4719011000,1
경상북도,경주시,문무대왕면,4713031528,1
경상북도,의성군,봉양면,4773038040,1
경상북도,청도군,운문면,4782035040,1
경상북도,봉화군,봉화읍,4792025031,1
경상북도,영덕군,남정면,4777032037,1
경상북도,울진군,북면,4793031021,1
경상북도,청송군,부남면,4775032031,1
경상북도,안동시,풍천면,4717034021,1
경상북도,청도군,청도읍,4782025323,1
경상북도,문경시,문경읍,4728025022,1
경상북도,청도군,이서면,4782034048,1
경상북도,청도군,운문면,4782035034,1
경상북도,영양군,입암면,4776031044,1
경상북도,청도군,금천면,4782036036,1
경상북도,봉화군,법전면,4792033021,1
경상북도,영덕군,영해면,4777036030,1
경상북도,영덕군,지품면,4777034047,1
경상북도,칠곡군,석적읍,4785025624,1
경상북도,청도군,매전면,4782037058,1
경상북도,문경시,마성면,4728036026,1
경상북도,문경시,영순면,4728031030,1
경상북도,울진군,매화면,4793040021,1
경상북도,봉화군,소천면,4792035021,1
경상북도,봉화군,재산면,4792036022,1
경상북도,경주시,외동읍,4713025922,1
경상북도,고령군,대가야읍,4783025326,1
경상북도,구미시,도개면,4719033025,1
경상북도,구미시,도개면,4719033025,1
경상북도,영덕군,축산면,4777035035,1
경상북도,의성군,봉양면,4773038040,1
경상북도,청도군,금천면,4782036031,1
경상북도,영천시,언하동,4723012800,1
경상북도,청도군,매전면,4782037044,1
경상북도,청도군,매전면,4782037060,1
경상북도,포항시 북구,죽장면,4711335037,1
경상북도,청도군,이서면,4782034053,1
경상북도,김천시,대덕면,4715044028,1
경상북도,경주시,감포읍,4713025021,1
경상북도,예천군,용궁면,4790038026,1
경상북도,청도군,이서면,4782034039,1
경상북도,영덕군,영해면,4777036032,1
경상북도,영천시,대창면,4723040032,1
경상북도,청도군,운문면,4782035032,1
경상북도,청도군,운문면,4782035032,1
경상북도,봉화군,석포면,4792039022,1
경상북도,경산시,남천면,4729037026,1
경상북도,경주시,내남면,4713033024,1
경상북도,문경시,농암면,4728037021,1
경상북도,청송군,현동면,4775033030,1
경상북도,상주시,화북면,4725042022,1
경상북도,의성군,다인면,4773044036,1
경상북도,의성군,단밀면,4773041029,1
경상북도,의성군,단촌면,4773031030,1
경상북도,영양군,청기면,4776032044,1
경상남도,남해군,고현면,4884037022,1
경상북도,경주시,양남면,4713032035,1
경상북도,상주시,낙동면,4725033021,1
경상북도,상주시,내서면,4725037027,1
경상북도,의성군,단밀면,4773041036,1
경상북도,김천시,남면,4715032021,1
경상북도,경산시,남산면,4729035021,1
경상북도,영주시,휴천동,4721010400,1
경상북도,청도군,화양읍,4782025034,1
경상북도,청도군,매전면,4782037041,1
경상북도,청도군,이서면,4782034046,1
경상북도,영천시,금호읍,4723025021,1
경상북도,포항시 북구,기계면,4711334034,1
경상북도,울진군,기성면,4793035022,1
경상북도,문경시,영순면,4728031022,1
경상북도,청도군,금천면,4782036031,1
경상북도,김천시,성내동,4715010400,1
경상북도,김천시,남면,4715032021,1
경상북도,구미시,공단동,4719011300,1
경상북도,구미시,공단동,4719011300,1
경상북도,칠곡군,가산면,4785033047,1
경상북도,청도군,매전면,4782037054,1
경상북도,군위군,효령면,4772032050,1
경상북도,군위군,군위읍,4772025021,1
경상북도,고령군,쌍림면,4783037037,1
경상북도,경산시,남천면,4729037027,1
경상북도,영덕군,강구면,4777031040,1
경상북도,구미시,공단동,4719011300,1
경상북도,청도군,운문면,4782035038,1
경상북도,안동시,서후면,4717033028,1
경상북도,청도군,매전면,4782037057,1
경상북도,봉화군,소천면,4792035027,1
경상북도,청도군,각남면,4782031034,1
경상북도,청도군,이서면,4782034041,1
경상북도,청도군,이서면,4782034041,1
경상북도,영천시,고경면,4723038033,1
경상북도,고령군,대가야읍,4783025323,1
경상북도,구미시,고아읍,4719025322,1
경상북도,청도군,이서면,4782034049,1
경상북도,청도군,이서면,4782034049,1
경상북도,경산시,용성면,4729034026,1
경상북도,경산시,용성면,4729034026,1
경상북도,청도군,매전면,4782037059,1
경상북도,구미시,공단동,4719011300,1
경상북도,상주시,가장동,4725011300,1
경상북도,상주시,가장동,4725011300,1
경상북도,상주시,남성동,4725010700,1
경상북도,경산시,중방동,4729011700,1
경상북도,경주시,노서동,4713010700,1
경상북도,경주시,성동동,4713010400,1
경상북도,경주시,성동동,4713010400,1
경상북도,경주시,노서동,4713010700,1
경상북도,예천군,개포면,4790039022,1
경상북도,군위군,효령면,4772032039,1
경상북도,안동시,서후면,4717033026,1
경상북도,영주시,평은면,4721032023,1
경상북도,경산시,평산동,4729012500,1
경상북도,예천군,감천면,4790034036,1
경상북도,경주시,감포읍,4713025029,1
경상북도,영덕군,강구면,4777031032,1
경상북도,예천군,개포면,4790039026,1
경상북도,예천군,예천읍,4790025022,1
경상북도,경주시,건천읍,4713025622,1
경상북도,영양군,일월면,4776033042,1
경상북도,청도군,이서면,4782034040,1
경상북도,예천군,예천읍,4790025022,1
경상북도,청도군,매전면,4782037044,1
경상북도,예천군,유천면,4790037060,1
경상북도,포항시 북구,죽장면,4711335021,1
경상북도,문경시,가은읍,4728025321,1
경상북도,의성군,가음면,4773036031,1
경상북도,청도군,각남면,4782031035,1
경상북도,청도군,각북면,4782033032,1
경상남도,밀양시,부북면,4827031035,1
경상남도,사천시,사남면,4824032026,1
경상남도,의령군,화정면,4872034024,1
경상남도,하동군,옥종면,4885041035,1
경상남도,하동군,횡천면,4885034024,1
경상남도,밀양시,산외면,4827033023,1
경상남도,함양군,함양읍,4887025022,1
경상북도,고령군,쌍림면,4783037045,1
경상남도,하동군,고전면,4885035025,1
경상남도,남해군,미조면,4884034021,1
경상남도,합천군,가야면,4889033034,1
경상남도,하동군,화개면,4885031023,1
경상남도,남해군,이동면,4884031027,1
경상남도,하동군,하동읍,4885025023,1
경상남도,하동군,하동읍,4885025021,1
경상남도,하동군,고전면,4885035023,1
경상남도,함양군,함양읍,4887025035,1
경상남도,거제시,하청면,4831038024,1
경상남도,함양군,마천면,4887031021,1
경상남도,거제시,동부면,4831032028,1
경상남도,함안군,산인면,4873038024,1
경상남도,진주시,이반성면,4817037026,1
경상남도,함안군,가야읍,4873025021,1
경상남도,통영시,광도면,4822034024,1
경상남도,밀양시,하남읍,4827025324,1
경상남도,산청군,시천면,4886036023,1
경상남도,함양군,함양읍,4887025035,1
경상북도,문경시,문경읍,4728025032,1
경상남도,남해군,남면,4884035026,1
경상남도,합천군,묘산면,4889032023,1
경상남도,밀양시,단장면,4827035032,1
경상남도,합천군,대병면,4889045026,1
경상남도,사천시,축동면,4824034021,1
경상남도,의령군,칠곡면,4872032021,1
경상남도,밀양시,삼랑진읍,4827025033,1
경상남도,함안군,칠원읍,4873025322,1
경상남도,밀양시,하남읍,4827025323,1
경상남도,밀양시,단장면,4827035021,1
경상남도,산청군,단성면,4886037036,1
경상남도,양산시,하북면,4833034021,1
경상남도,창원시 의창구,팔용동,4812112900,1
경상남도,창원시 의창구,팔용동,4812112900,1
경상남도,진주시,수곡면,4817046024,1
경상남도,산청군,차황면,4886031029,1
경상남도,산청군,단성면,4886037025,1
경상남도,산청군,단성면,4886037027,1
경상남도,산청군,단성면,4886037026,1
경상남도,산청군,단성면,4886037026,1
경상남도,산청군,단성면,4886037026,1
경상남도,산청군,단성면,4886037025,1
경상남도,산청군,단성면,4886037024,1
경상남도,산청군,단성면,4886037025,1
경상남도,산청군,단성면,4886037025,1
경상남도,산청군,단성면,4886037024,1
경상남도,하동군,청암면,4885040021,1
경상남도,밀양시,초동면,4827037022,1
경상남도,사천시,곤명면,4824036025,1
경상남도,함양군,마천면,4887031029,1
경상남도,의령군,대의면,4872033028,1
경상남도,하동군,금남면,4885036028,1
경상남도,진주시,옥봉동,4817011800,1
경상남도,진주시,장대동,4817011700,1
경상남도,진주시,칠암동,4817010400,1
경상남도,진주시,상대동,4817011900,1
경상남도,창원시 진해구,인의동,4812911000,1
경상남도,창원시 진해구,석동,4812914000,1
경상남도,진주시,집현면,4817042022,1
경상남도,남해군,고현면,4884037028,1
경상남도,창녕군,창녕읍,4874025022,1
경상남도,함양군,지곡면,4887035027,1
경상남도,함양군,마천면,4887031025,1
경상남도,창원시 마산합포구,진북면,4812533021,1
경상남도,하동군,진교면,4885037021,1
경상남도,창원시 마산합포구,진동면,4812532024,1
경상남도,김해시,진례면,4825033023,1
경상남도,남해군,설천면,4884038022,1
경상남도,진주시,진성면,4817035021,1
경상남도,김해시,진영읍,4825025027,1
경상남도,산청군,단성면,4886037024,1
경상남도,밀양시,산외면,4827033021,1
전라남도,순천시,황전면,4615033025,1
경상남도,함양군,수동면,4887034022,1
경상남도,함양군,함양읍,4887025021,1
경상남도,밀양시,무안면,4827038025,1
경상남도,합천군,쌍책면,4889037024,1
경상남도,사천시,사남면,4824032021,1
경상남도,의령군,정곡면,4872036021,1
충청북도,진천군,이월면,4375035022,1
경상남도,합천군,용주면,4889046037,1
경상남도,거창군,웅양면,4888032022,1
경상남도,하동군,고전면,4885035024,1
경상남도,산청군,시천면,4886036024,1
경상남도,의령군,정곡면,4872036021,1
경상남도,진주시,내동면,4817031024,1
경상남도,하동군,옥종면,4885041031,1
경상남도,사천시,서포면,4824037023,1
경상남도,함양군,함양읍,4887025034,1
경상남도,함안군,법수면,4873033024,1
경상남도,의령군,화정면,4872034027,1
경상남도,거제시,능포동,4831010100,1
경상남도,하동군,양보면,4885038022,1
경상남도,하동군,하동읍,4885025021,1
경상남도,고성군,삼산면,4882031022,1
경상남도,거제시,남부면,4831033022,1
경상남도,산청군,단성면,4886037033,1
경상남도,의령군,정곡면,4872036030,1
경상남도,합천군,청덕면,4889039025,1
경상남도,하동군,적량면,4885033021,1
경상남도,창녕군,이방면,4874034030,1
경상남도,창녕군,부곡면,4874042030,1
경상남도,창원시 의창구,대산면,4812132022,1
경상남도,밀양시,산내면,4827034024,1
경상남도,창원시 마산합포구,진전면,4812534023,1
경상남도,산청군,단성면,4886037026,1
경상남도,사천시,서포면,4824037026,1
경상남도,합천군,합천읍,4889025029,1
경상남도,합천군,가회면,4889044028,1
경상남도,거제시,장목면,4831039026,1
경상남도,사천시,사남면,4824032024,1
경상남도,함양군,유림면,4887033022,1
경상남도,거제시,장목면,4831039022,1
경상북도,청도군,청도읍,4782025339,1
경상남도,합천군,율곡면,4889035032,1
경상남도,거제시,동부면,4831032022,1
경상남도,밀양시,하남읍,4827025324,1
경상남도,의령군,의령읍,4872025021,1
경상남도,함양군,마천면,4887031027,1
경상남도,남해군,이동면,4884031024,1
경상남도,양산시,원동면,4833032021,1
경상남도,하동군,청암면,4885040025,1
경상남도,산청군,신안면,4886038021,1
경상남도,창원시 마산합포구,월남동1가,4812512900,1
경상남도,하동군,진교면,4885037027,1
경상남도,진주시,집현면,4817042028,1
경상남도,하동군,옥종면,4885041022,1
경상남도,거창군,위천면,4888035021,1
경상남도,의령군,화정면,4872034021,1
경상남도,하동군,양보면,4885038024,1
경상남도,창원시 마산합포구,우산동,4812513800,1
경상남도,사천시,사남면,4824032027,1
경상남도,산청군,단성면,4886037025,1
경상남도,창원시 진해구,마천동,4812915800,1
경상남도,거창군,웅양면,4888032027,1
경상남도,창원시 진해구,북부동,4812914700,1
경상남도,사천시,축동면,4824034021,1
경상남도,진주시,집현면,4817042027,1
경상남도,산청군,신안면,4886038027,1
경상남도,산청군,시천면,4886036024,1
경상남도,의령군,용덕면,4872035030,1
경상남도,산청군,단성면,4886037024,1
경상남도,밀양시,삼랑진읍,4827025033,1
경상남도,의령군,용덕면,4872035032,1
경상남도,창원시 진해구,풍호동,4812914400,1
경상남도,밀양시,산내면,4827034023,1
경상남도,합천군,용주면,4889046028,1
경상남도,사천시,용현면,4824033021,1
경상남도,사천시,서동,4824010200,1
전라남도,화순군,한천면,4679031023,1
경상남도,고성군,하일면,4882032025,1
경상남도,고성군,상리면,4882034024,1
경상남도,하동군,옥종면,4885041021,1
경상남도,사천시,용현면,4824033025,1
경상남도,사천시,곤명면,4824036032,1
경상남도,산청군,금서면,4886034021,1
경상남도,남해군,설천면,4884038026,1
경상남도,밀양시,산내면,4827034027,1
경상남도,사천시,사남면,4824032027,1
경상남도,하동군,옥종면,4885041031,1
경상남도,창녕군,영산면,4874038021,1
경상남도,사천시,동금동,4824010400,1
경상남도,남해군,서면,4884036024,1
경상남도,함안군,칠원읍,4873025326,1
경상남도,창녕군,대지면,4874036026,1
경상남도,밀양시,상남면,4827036022,1
경상남도,산청군,시천면,4886036023,1
경상남도,함양군,함양읍,4887025021,1
경상남도,합천군,대병면,4889045025,1
경상남도,하동군,양보면,4885038021,1
경상남도,양산시,중부동,4833010300,1
경상남도,거창군,신원면,4888039027,1
경상남도,하동군,북천면,4885039026,1
경상남도,창원시 마산합포구,진전면,4812534027,1
경상남도,하동군,진교면,4885037025,1
경상남도,밀양시,무안면,4827038026,1
경상남도,의령군,의령읍,4872025022,1
경상남도,함양군,마천면,4887031023,1
경상남도,의령군,대의면,4872033028,1
경상남도,창녕군,대합면,4874033021,1
경상남도,하동군,화개면,4885031026,1
경상남도,합천군,쌍백면,4889042023,1
경상남도,고성군,영오면,4882037026,1
경상남도,함양군,안의면,4887036021,1
경상남도,창원시 마산합포구,진전면,4812534021,1
경상남도,의령군,궁류면,4872041524,1
경상남도,합천군,야로면,4889034026,1
경상남도,하동군,고전면,4885035024,1
경상남도,밀양시,무안면,4827038022,1
경상남도,의령군,유곡면,4872042022,1
경상남도,김해시,진례면,4825033023,1
경상남도,김해시,진례면,4825033025,1
경상남도,김해시,진례면,4825033024,1
경상남도,김해시,진례면,4825033025,1
경상남도,김해시,진례면,4825033024,1
경상남도,김해시,진례면,4825033024,1
경상남도,김해시,진례면,4825033023,1
경상남도,김해시,진례면,4825033023,1
경상남도,김해시,진례면,4825033023,1
경상남도,김해시,진례면,4825033023,1
경상남도,의령군,유곡면,4872042023,1
경상남도,김해시,외동,4825010900,1
경상남도,김해시,한림면,4825034031,1
경상남도,김해시,대동면,4825037028,1
경상남도,사천시,곤명면,4824036032,1
경상남도,거창군,위천면,4888035028,1
경상남도,의령군,지정면,4872037022,1
경상남도,하동군,진교면,4885037030,1
경상남도,하동군,청암면,4885040024,1
경상남도,창원시 의창구,대산면,4812132026,1
경상남도,진주시,내동면,4817031023,1
경상남도,의령군,낙서면,4872038021,1
경상남도,창녕군,대합면,4874033028,1
경상남도,하동군,금성면,4885042022,1
경상남도,의령군,부림면,4872039021,1
경상남도,거창군,웅양면,4888032024,1
경상남도,창원시 의창구,소계동,4812110700,1
경상남도,김해시,생림면,4825035025,1
경상남도,진주시,수곡면,4817046023,1
경상남도,함양군,수동면,4887034021,1
경상남도,함양군,수동면,4887034021,1
경상남도,진주시,이반성면,4817037026,1
경상남도,밀양시,하남읍,4827025327,1
경상남도,의령군,지정면,4872037029,1
경상남도,창원시 성산구,남산동,4812310600,1
경상남도,하동군,양보면,4885038026,1
경상남도,함양군,휴천면,4887032030,1
경상남도,함양군,휴천면,4887032030,1
경상남도,산청군,단성면,4886037032,1
경상남도,산청군,단성면,4886037036,1
광주광역시,동구,용산동,2911012600,1
경상남도,의령군,궁류면,4872041527,1
경상남도,진주시,내동면,4817031025,1
경상남도,진주시,금산면,4817041025,1
경상남도,양산시,삼호동,4833011400,1
경상남도,하동군,북천면,4885039025,1
경상남도,산청군,삼장면,4886035021,1
경상남도,함안군,법수면,4873033024,1
경상남도,의령군,화정면,4872034023,1
경상남도,사천시,서포면,4824037029,1
경상남도,진주시,대곡면,4817040021,1
경상남도,남해군,설천면,4884038025,1
경상남도,하동군,진교면,4885037021,1
경상남도,의령군,정곡면,4872036025,1
경상남도,사천시,좌룡동,4824010700,1
경상남도,김해시,한림면,4825034022,1
경상남도,김해시,생림면,4825035023,1
경상남도,김해시,생림면,4825035026,1
경상남도,산청군,생초면,4886033021,1
경상남도,하동군,금성면,4885042024,1
경상남도,함양군,서상면,4887038022,1
경상남도,양산시,삼호동,4833011400,1
경상남도,김해시,삼정동,4825011700,1
경상남도,사천시,벌리동,4824010800,1
경상남도,밀양시,무안면,4827038023,1
경상남도,밀양시,상동면,4827032021,1
경상남도,밀양시,상동면,4827032021,1
경상남도,진주시,상봉동,4817011400,1
경상남도,함양군,함양읍,4887025021,1
경상남도,하동군,고전면,4885035023,1
경상남도,남해군,상주면,4884032022,1
경상남도,함양군,함양읍,4887025035,1
경상남도,산청군,산청읍,4886025023,1
경상남도,산청군,산청읍,4886025021,1
경상남도,합천군,삼가면,4889043027,1
경상남도,밀양시,단장면,4827035032,1
경상남도,창녕군,남지읍,4874025322,1
전라북도,임실군,삼계면,4575037028,1
경상남도,산청군,시천면,4886036029,1
경상남도,밀양시,삼랑진읍,4827025021,1
경상남도,함양군,마천면,4887031021,1
경상남도,의령군,지정면,4872037021,1
경상남도,거제시,사등면,4831036021,1
경상남도,고성군,하이면,4882033021,1
경상남도,산청군,생비량면,4886039023,1
경상남도,산청군,시천면,4886036022,1
경상남도,사천시,사천읍,4824025024,1
경상남도,사천시,사천읍,4824025028,1
경상남도,사천시,사남면,4824032026,1
경상북도,청도군,청도읍,4782025341,1
경상남도,함안군,법수면,4873033025,1
경상남도,함안군,가야읍,4873025022,1
경상남도,창녕군,부곡면,4874042022,1
경상남도,김해시,진영읍,4825025026,1
전라북도,남원시,산내면,4519046027,1
경상남도,하동군,옥종면,4885041030,1
경상남도,남해군,삼동면,4884033021,1
경상남도,밀양시,상남면,4827036021,1
경상남도,진주시,대곡면,4817040022,1
경상남도,하동군,북천면,4885039023,1
경상남도,진주시,하대동,4817012000,1
경상남도,진주시,수곡면,4817046022,1
경상남도,의령군,지정면,4872037028,1
경상남도,하동군,옥종면,4885041031,1
경상남도,밀양시,단장면,4827035030,1
경상남도,하동군,옥종면,4885041028,1
경상남도,산청군,신등면,4886040026,1
경상남도,의령군,궁류면,4872041522,1
경상남도,사천시,사남면,4824032026,1
경상남도,의령군,화정면,4872034025,1
경상남도,진주시,집현면,4817042022,1
경상남도,진주시,봉곡동,4817011300,1
경상남도,하동군,양보면,4885038026,1
경상남도,진주시,일반성면,4817036021,1
전라북도,순창군,복흥면,4577037024,1
경상남도,산청군,시천면,4886036025,1
경상남도,진주시,이반성면,4817037028,1
경상남도,창녕군,성산면,4874032028,1
경상남도,산청군,생비량면,4886039023,1
경상남도,고성군,회화면,4882040021,1
경상남도,의령군,화정면,4872034027,1
경상남도,하동군,청암면,4885040025,1
경상남도,산청군,신안면,4886038024,1
경상남도,진주시,문산읍,4817025023,1
경상남도,남해군,설천면,4884038026,1
경상남도,남해군,설천면,4884038023,1
경상남도,사천시,죽림동,4824012700,1
경상남도,밀양시,삼랑진읍,4827025023,1
경상남도,남해군,미조면,4884034022,1
경상남도,밀양시,내이동,4827010200,1
경상남도,밀양시,가곡동,4827010800,1
경상남도,밀양시,무안면,4827038028,1
경상남도,김해시,한림면,4825034021,1
경상남도,창녕군,계성면,4874037021,1
경상남도,산청군,삼장면,4886035023,1
경상남도,의령군,화정면,4872034022,1
경상남도,하동군,청암면,4885040022,1
경상남도,창녕군,대합면,4874033024,1
경상남도,밀양시,상동면,4827032025,1
경상남도,창녕군,대합면,4874033022,1
경상남도,함양군,마천면,4887031029,1
경상남도,사천시,곤명면,4824036028,1
경상남도,창원시 마산회원구,합성동,4812710600,1
경상남도,창원시 마산회원구,양덕동,4812710500,1
경상남도,고성군,마암면,4882041025,1
경상남도,의령군,유곡면,4872042028,1
경상남도,의령군,대의면,4872033024,1
경상남도,함양군,마천면,4887031021,1
경상남도,하동군,적량면,4885033025,1
경상남도,창원시 의창구,동읍,4812125032,1
경상남도,창원시 마산합포구,진동면,4812532030,1
경상남도,의령군,지정면,4872037023,1
경상남도,함양군,함양읍,4887025021,1
경상남도,남해군,상주면,4884032021,1
경상남도,합천군,가회면,4889044024,1
경상남도,창원시 마산합포구,두월동3가,4812511400,1
경상남도,창원시 마산합포구,두월동2가,4812511300,1
경상남도,창원시 마산합포구,두월동1가,4812511200,1
경상남도,남해군,삼동면,4884033022,1
경상남도,의령군,지정면,4872037027,1
경상남도,창녕군,이방면,4874034031,1
경상남도,함양군,마천면,4887031026,1
경상남도,남해군,고현면,4884037023,1
경상남도,의령군,칠곡면,4872032024,1
경상남도,거창군,위천면,4888035023,1
경상남도,김해시,생림면,4825035025,1
경상남도,의령군,지정면,4872037030,1
경상남도,김해시,진영읍,4825025026,1
경상남도,산청군,시천면,4886036029,1
경상남도,거제시,동부면,4831032023,1
경상남도,하동군,적량면,4885033025,1
경상남도,산청군,삼장면,4886035024,1
경상남도,의령군,대의면,4872033026,1
경상남도,남해군,서면,4884036022,1
경상남도,하동군,금남면,4885036023,1
경상남도,합천군,쌍백면,4889042026,1
경상남도,사천시,용현면,4824033032,1
대구광역시,중구,덕산동,2711011200,1
경상남도,산청군,시천면,4886036022,1
경상남도,남해군,설천면,4884038028,1
경상남도,의령군,의령읍,4872025029,1
경상남도,밀양시,단장면,4827035022,1
경상남도,산청군,산청읍,4886025034,1
경상남도,의령군,지정면,4872037021,1
경상남도,남해군,설천면,4884038027,1
경상남도,하동군,고전면,4885035025,1
경상남도,합천군,대병면,4889045023,1
경상남도,진주시,진성면,4817035023,1
경상남도,함안군,대산면,4873034027,1
경상남도,하동군,금남면,4885036026,1
경상남도,합천군,대양면,4889041025,1
경상남도,남해군,남해읍,4884025021,1
경상남도,하동군,금남면,4885036024,1
경상남도,남해군,남해읍,4884025021,1
경상남도,밀양시,무안면,4827038027,1
경상남도,사천시,서포면,4824037028,1
경상남도,밀양시,산외면,4827033021,1
경상남도,사천시,서포면,4824037028,1
경상남도,산청군,신등면,4886040021,1
경상남도,진주시,대곡면,4817040024,1
경상남도,창원시 의창구,사림동,4812112500,1
경상남도,밀양시,산외면,4827033025,1
경상남도,창원시 마산합포구,해운동,4812515800,1
경상남도,밀양시,산내면,4827034028,1
경상남도,산청군,단성면,4886037028,1
경상남도,의령군,의령읍,4872025023,1
경상남도,창원시 성산구,남산동,4812310600,1
경상남도,사천시,송포동,4824012600,1
경상남도,사천시,송포동,4824012600,1
경상남도,창녕군,남지읍,4874025321,1
경상남도,하동군,북천면,4885039024,1
경상남도,김해시,무계동,4825012600,1
경상남도,진주시,내동면,4817031021,1
경상남도,하동군,청암면,4885040024,1
경상남도,남해군,삼동면,4884033025,1
경상남도,김해시,생림면,4825035021,1
경상남도,고성군,구만면,4882039021,1
경상남도,하동군,청암면,4885040023,1
경상남도,함양군,함양읍,4887025031,1
경상남도,사천시,서포면,4824037023,1
경상남도,합천군,봉산면,4889031022,1
경상남도,함양군,마천면,4887031026,1
경상남도,진주시,금곡면,4817033027,1
경상남도,밀양시,산외면,4827033022,1
경상남도,하동군,청암면,4885040023,1
경상남도,산청군,단성면,4886037035,1
경상남도,밀양시,산외면,4827033025,1
경상남도,산청군,단성면,4886037027,1
경상남도,김해시,외동,4825010900,1
경상남도,김해시,무계동,4825012600,1
경상남도,김해시,삼문동,4825012800,1
경상남도,김해시,관동동,4825013000,1
경상남도,의령군,유곡면,4872042023,1
경상남도,하동군,양보면,4885038023,1
경상남도,밀양시,상동면,4827032024,1
경상남도,합천군,가회면,4889044027,1
경상남도,산청군,시천면,4886036026,1
경상남도,진주시,문산읍,4817025021,1
경상남도,함안군,군북면,4873032023,1
경상남도,의령군,궁류면,4872041525,1
경상남도,하동군,금성면,4885042022,1
경상남도,사천시,곤양면,4824035021,1
경상남도,사천시,사천읍,4824025028,1
경상남도,진주시,칠암동,4817010400,1
경상남도,진주시,강남동,4817010300,1
경상남도,진주시,망경동,4817010100,1
경상남도,산청군,단성면,4886037032,1
경상남도,김해시,대동면,4825037026,1
경상남도,밀양시,청도면,4827039021,1
경상남도,사천시,사남면,4824032026,1
경상남도,산청군,단성면,4886037035,1
경상남도,사천시,곤명면,4824036030,1
경상남도,의령군,유곡면,4872042022,1
경상남도,고성군,고성읍,4882025025,1
경상남도,김해시,대동면,4825037028,1
경상남도,하동군,고전면,4885035021,1
경상남도,하동군,하동읍,4885025021,1
경상남도,하동군,하동읍,4885025021,1
경상남도,하동군,금성면,4885042023,1
경상남도,거제시,고현동,4831010900,1
경상남도,창원시 마산합포구,진전면,4812534025,1
경상남도,산청군,시천면,4886036030,1
경상남도,사천시,곤명면,4824036024,1
경상남도,함양군,마천면,4887031025,1
경상남도,진주시,가좌동,4817013100,1
경상남도,산청군,시천면,4886036023,1
경상남도,거제시,고현동,4831010900,1
경상남도,거제시,고현동,4831010900,1
경상남도,거제시,고현동,4831010900,1
경상남도,밀양시,삼랑진읍,4827025023,1
경상남도,거창군,거창읍,4888025024,1
경상남도,창녕군,계성면,4874037024,1
경상남도,하동군,금남면,4885036030,1
경상남도,밀양시,상동면,4827032022,1
경상남도,거제시,동부면,4831032026,1
경상남도,창원시 의창구,대산면,4812132025,1
경상남도,밀양시,단장면,4827035028,1
경상남도,합천군,가야면,4889033032,1
경상남도,거창군,가조면,4888040028,1
경상남도,함양군,마천면,4887031021,1
경상남도,사천시,사남면,4824032031,1
경상남도,하동군,금성면,4885042024,1
충청북도,괴산군,감물면,4376031026,1
제주특별자치도,제주시,오라일동,5011011900,1
